WP1, NE' PANGLIMA ITAPM ,,,T," Jl. P. Diponegoro, Kel. Pasiran ",,,,,,N,0,54,12,1, Foto ,159,West,Parisan
,,,,, No. ,12D, RT ,60, RW ,19,E,108,59,6,48, Pantak , Y ,,
WP2, CHIN SAN THAI BONG ,,,T," Jl. P. Diponegoro Gg. Tujuh Belas, Pasiran ",,,,,,N,0,54,8,37, Foto ,141,West,Parisan
,,,,, No. ,64, RT ,56, RW ,18,E,108,58,54,51, Pantak , N ,,
WP3, NO NAME ,,,T," Jl. P. Diponegoro Gg. Tujuh Belas, Pasiran ",,,,,,N,0,54,10,50, Foto ,142,West,Parisan
,,,,, No. ,5A, RT ,56, RW ,18,E,108,58,51,14, Pantak , N ,,
WP4, CHIAU SAN PAK KUNG ,,,T," Jl. P. Diponegoro Gg. Empat Lima, Pasiran ",,,,,,N,0,54,15,84, Foto ,144,West,Parisan
,,,,, No. ,12, RT ,56, RW ,18,E,108,58,59,31, Pantak , N ,,
WP5, NG FU LIN CIONG ,,,T," Jl. P. Diponegoro Gg. Proklamasi, Pasiran ",,,,,,N,0,54,6,5, Foto ,140,West,Parisan
,,,,, No. ,8I, RT ,50, RW ,18,E,108,58,53,95, Pantak , N ,,
WP6, FUT FAB THAN ,,,T," Jl. P. Diponegoro Gg. Wisata, Kel. Pasiran ",,,,,,N,0,54,3,22, Foto ,94,West,Parisan
,,,,, No. ,80, RT ,50, RW ,18,E,108,58,51,96, Pantak , Y ,,
WP7, KIM SAN PAK KUNG ,,,T," Jl. P. Diponegoro Gg. Wisata, Kel. Pasiran ",,,,,,N,0,54,5,83, Foto ,95,West,Parisan
,,,,, No. ,119, RT ,50, RW ,18,E,108,58,49,55, Pantak , N ,,
WP8, MASTER LU  ,,,P," Jl. P. Diponegoro Gg. Agustus, Pasiran ",,,,,,N,0,54,12,59, Foto ,143,West,Parisan
,,,,, No. ,40, RT ,56, RW ,18,E,108,58,57,88, Pantak , N ,,
WP9, LO ZHU SHIN TI KUNG ,,,T," Jl. P. Diponegoro Gg. Empat Lima, Pasiran ",,,,,,N,0,54,14,61, Foto ,145,West,Parisan
,,,,, No. ,33, RT ,44, RW ,18,E,108,59,1,67, Pantak , N ,,
WP10, DATUK SUNGKUNG ,,,T," Jl. P. Diponegoro Gg. Empat Lima, Pasiran ",,,,,,N,0,54,14,19, Foto ,146,West,Parisan
,,,,, No. ,31, RT ,44, RW ,18,E,108,59,1,96, Pantak , N ,,
WP11, BU CHIUNG CIONG KIUN ,,,T," Jl. P. Diponegoro Gg. Timur, Kel. Pasiran ",,,,,,N,0,53,58,44, Foto ,136,West,Parisan
,,,,, No. ,, RT ,51, RW ,16,E,108,58,46,71, Pantak , N ,,
WP12, KONG THIAN FA NYIT ,,,P," Jl. P. Diponegoro Gg. Timur, Kel. Pasiran ",,,,,,N,0,53,59,20, Foto ,137,West,Parisan
,,,,, No. ,45, RT ,51, RW ,16,E,108,58,47,11, Pantak , N ,,
WP13, LI PHAK KUNG KUNG ,,,T," Jl. Firdaus H. Rais Gg. Ardio, Kel. Pasiran ",,,,,,N,0,54,5,91, Foto ,96,West,Parisan
,,,,, No. ,73, RT ,50, RW ,18,E,108,58,47,28, Pantak , N ,,
WP14, JIM JONG THAN ,,,T," Jl. Firdaus H. Rais Gg. Ardio, Kel. Pasiran ",,,,,,N,0,54,5,39, Foto ,299,West,Parisan
,,,,, No. ,21, RT ,50, RW ,18,E,108,58,47,74, Pantak , N ,,
WP15, PIT TET CIONG KIUN ,,,T," Jl. Yohana Godang Gg. Sederhana, Pasiran ",,,,,,N,0,53,58,17, Foto ,114,West,Parisan
,,,,, No. ,84, RT ,48, RW ,17,E,108,59,4,29, Pantak , N ,,
WP16, MUNG KU THAI CI ,,,T," Jl. Yohana Godang Gg. Sederhana, Pasiran ",,,,,,N,0,53,58,98, Foto ,298,West,Parisan
,,,,, No. ,82, RT ,48, RW ,17,E,108,59,3,86, Pantak , N ,,
WP17, FAB SHI LIN THAN ,,,P," Jl. Tani, Kel. Pasiran ",,,,,,N,0,54,22,97, Foto ,210,West,Parisan
,,,,, No. ,99, RT ,42, RW ,15,E,108,58,24,35, Pantak , N ,,
WP18, PIT TET SEN KIUN ,,,T," Jl. Tani, Kel. Pasiran ",,,,,,N,0,54,25,97, Foto ,211,West,Parisan
,,,,, No. ,86, RT ,42, RW ,15,E,108,58,26,41, Pantak , N ,,
WP19, KON JIM FUT MU ,,,T," Jl. Tani Gg. Seksama 2, Kel. Pasiran ",,,,,,N,0,54,31,48, Foto ,214,West,Parisan
,,,,, No. ,102B, RT ,42, RW ,15,E,108,58,21,71, Pantak , N ,,
WP20, SAM THAI THIAN BONG ,,,T," Jl. Tani Gg. Seksama 2, Kel. Pasiran ",,,,,,N,0,54,32,84, Foto ,212,West,Parisan
,,,,, No. ,A6, RT ,42, RW ,15,E,108,58,26,36, Pantak , N ,,
WP21, PHAK SHI KUNG KUNG ,,,T," Jl. Tani Gg. Seksama 2, Kel. Pasiran ",,,,,,N,0,54,32,39, Foto ,215,West,Parisan
,,,,, No. ,A1, RT ,42, RW ,15,E,108,58,27,25, Pantak , N ,,
WP22, PHAK LIAN SHI KUNG ,,,P," Jl. Tani Gg. Seksama 2, Kel. Pasiran ",,,,,,N,0,54,31,27, Foto ,216,West,Parisan
,,,,, No. ,70, RT ,42, RW ,15,E,108,58,24,67, Pantak , N ,,
WP23, KON JIM FUT MU ,,,P," Jl. Tani Gg. Seksama 2, Kel. Pasiran ",,,,,,N,0,54,31,67, Foto ,217,West,Parisan
,,,,, No. ,71, RT ,42, RW ,15,E,108,58,24,5, Pantak , N ,,
WP24, NYI BONG CHIAN SOI ,,,T," Jl. Tani Gg. Seksama 2, Kel. Pasiran ",,,,,,N,0,54,30,5, Foto ,218,West,Parisan
,,,,, No. ,68, RT ,42, RW ,15,E,108,58,25,97, Pantak , N ,,
WP25, THAI CU SHIN TI ,,,P," Jl. Tani Gg. Seksama 2, Kel. Pasiran ",,,,,,N,0,54,27,59, Foto ,219,West,Parisan
,,,,, No. ,21, RT ,42, RW ,15,E,108,58,14,47, Pantak , N ,,
WP26, CHAU KONG NYIAN SAI ,,,T," Jl. Tani Gg. Taman Buah Naga, Pasiran ",,,,,,N,0,54,16,75, Foto ,208,West,Parisan
,,,,, No. ,38, RT ,40, RW ,15,E,108,58,17,63, Pantak , N ,,
WP27, NO NAME ,,,P," Jl. Tani II, Kel. Pasiran ",,,,,,N,0,54,22,14, Foto ,209,West,Parisan
,,,,, No. ,58B, RT ,40, RW ,15,E,108,58,10,81, Pantak , N ,,
WP28, BU MIAN CIONG KIUN ,,,T," Jl. Tani, Kel. Pasiran ",,,,,,N,0,54,12,28, Foto ,207,West,Parisan
,,,,, No. ,97, RT ,40, RW ,15,E,108,58,17,43, Pantak , N ,,
WP29, CHAU KONG NYIAN SAI ,,,P," Jl. Tani, Kel. Pasiran ",,,,,,N,0,54,16,17, Foto ,295,West,Parisan
,,,,, No. ,36, RT ,40, RW ,15,E,108,58,20,3, Pantak , N ,,
WP30, LO SHI KUNG ,,,T," Jl. Tani Gg. Cisadane, Kel. Pasiran ",,,,,,N,0,54,1,21, Foto ,199,West,Parisan
,,,,, No. ,46, RT ,39, RW ,15,E,108,58,1,55, Pantak , N ,,
WP31, CUNG NYI THONG ,,,T," Jl. Tani Gg. Cisadane, Kel. Pasiran ",,,,,,N,0,54,1,61, Foto ,200,West,Parisan
,,,,, No. ,46, RT ,39, RW ,15,E,108,58,1,85, Pantak , N ,,
WP32, DATUK BUYUR ,,,T," Jl. Tani, Kel. Pasiran ",,,,,,N,0,53,43,13, Foto ,198,West,Parisan
,,,,, No. ,99, RT ,34, RW ,14,E,108,57,56,8, Pantak , N ,,
WP33, NG BONG THAI KIUN ,,,T," Jl. Alianyang Gg. Seksama, Kel. Pasiran ",,,,,,N,0,54,25,65, Foto ,250,West,Parisan
,,,,, No. ,49A, RT ,42, RW ,15,E,108,58,36,30, Pantak , N ,,
WP34, BUN BU CIONG KIUN ,,,P," Jl. Alianyang Gg. Seksama, Kel. Pasiran ",,,,,,N,0,54,23,53, Foto ,249,West,Parisan
,,,,, No. ,, RT ,42, RW ,15,E,108,58,38,49, Pantak , N ,,
WP35, CHIANG SAN CIONG KIUN ,,,T," Jl. Alianyang Gg. Seksama, Kel. Pasiran ",,,,,,N,0,54,26,63, Foto ,251,West,Parisan
,,,,, No. ,61, RT ,42, RW ,15,E,108,58,35,6, Pantak , N ,,
WP36, CHIAU SAN PAK KUNG ,,,T," Jl. Alianyang Gg. Kencana, Kel. Pasiran ",,,,,,N,0,54,21,74, Foto ,248,West,Parisan
,,,,, No. ,3F, RT ,42, RW ,15,E,108,58,34,13, Pantak , N ,,
WP37, BU LUI CIONG KIUN ,,,T," Jl. Alianyang, Kel. Pasiran ",,,,,,N,0,54,12,69, Foto ,138,West,Parisan
,,,,, No. ,30, RT ,41, RW ,15,E,108,58,32,66, Pantak , Y ,,
WP38, SAM CHIN KAU CU ,,,T," Jl. Alianyang, Kel. Pasiran ",,,,,,N,0,54,4,47, Foto ,139,West,Parisan
,,,,, No. ,17E, RT ,41, RW ,15,E,108,58,26,8, Pantak , Y ,,
WP39, LO CU THIAN SHI ,,,P," Jl. Alianyang, Kel. Pasiran ",,,,,,N,0,53,56,48, Foto ,203,West,Parisan
,,,,, No. ,6, RT ,41, RW ,15,E,108,58,19,97, Pantak , N ,,
WP40, SAM KON LIN CIONG ,,,T," Jl. Alianyang, Kel. Pasiran ",,,,,,N,0,54,9,68, Foto ,201,West,Parisan
,,,,, No. ,17, RT ,40, RW ,15,E,108,58,28,68, Pantak , N ,,
WP41, PIT TET THAI CI ,,,T," Jl. Alianyang, Kel. Pasiran ",,,,,,N,0,53,57,4, Foto ,202,West,Parisan
,,,,, No. ,18, RT ,39, RW ,15,E,108,58,19,29, Pantak , N ,,
WP42, KON KUNG ,,,P," Jl. Alianyang, Kel. Pasiran ",,,,,,N,0,54,6,72, Foto ,204,West,Parisan
,,,,, No. ,34, RT ,39, RW ,15,E,108,58,16,24, Pantak , N ,,
WP43, FU THAI NYIAN SAI ,,,T," Jl. Alianyang, Kel. Pasiran ",,,,,,N,0,54,34,78, Foto ,191,West,Parisan
,,,,, No. ,24, RT ,1, RW ,1,E,108,58,47,23, Pantak , N ,,
WP44, LI SAN PAK KUNG ,,,P," Jl. Alianyang Gg. Tri Sakti, Kel. Pasiran ",,,,,,N,0,54,7,55, Foto ,205,West,Parisan
,,,,, No. ,61G, RT ,40, RW ,15,E,108,58,25,44, Pantak , N ,,
WP45, SAM CHIN FAB THAN ,,,T," Jl. Alianyang Gg. Abadi, Kel. Pasiran ",,,,,,N,0,54,31,23, Foto ,190,West,Parisan
,,,,, No. ,8, RT ,1, RW ,1,E,108,58,48,14, Pantak , N ,,
WP46, HIU PIT TET ,,,T," Jl. Alianyang Gg. Reformasi, Kel. Pasiran ",,,,,,N,0,54,24,96, Foto ,197,West,Parisan
,,,,, No. ,311, RT ,1, RW ,1,E,108,58,45,55, Pantak , N ,,
WP47, NG THO LIN BONG ,,,T," Jl. Alianyang Gg. Suka Damai, Kel. Pasiran ",,,,,,N,0,54,29,22, Foto ,189,West,Parisan
,,,,, No. ,4i, RT ,1, RW ,1,E,108,58,47,32, Pantak , N ,,
WP48, PHAK LIAN SHI KUNG ,,,T," Jl. Alianyang Gg. Nagasari, Kel. Pasiran ",,,,,,N,0,54,31,89, Foto ,259,West,Parisan
,,,,, No. ,33D, RT ,59, RW ,1,E,108,58,42,89, Pantak , N ,,
WP49, CHAI PAK KUNG ,,,T," Jl. Swadaya, Kel. Pasiran ",,,,,,N,0,54,32,13, Foto ,183,West,Parisan
,,,,, No. ,43, RT ,43, RW ,16,E,108,58,49,17, Pantak , N ,,
WP50, DATUK BUJANG BERANI ,,,T," Jl. Swadaya, Kel. Pasiran ",,,,,,N,0,54,23,3, Foto ,184,West,Parisan
,,,,, No. ,43, RT ,43, RW ,16,E,108,58,49,18, Pantak , N ,,
WP51, SAM BONG CIONG KIUN ,,,T," Jl. Swadaya, Kel. Pasiran ",,,,,,N,0,54,22,69, Foto ,185,West,Parisan
,,,,, No. ,43, RT ,43, RW ,16,E,108,58,48,62, Pantak , N ,,
WP52, CONG SAN PAK KUNG ,,,T," Jl. Swadaya, Kel. Pasiran ",,,,,,N,0,54,22,39, Foto ,186,West,Parisan
,,,,, No. ,38I, RT ,1, RW ,1,E,108,58,47,91, Pantak , N ,,
WP53, KIM SAN PAK KUNG ,,,T," Jl. Swadaya, Kel. Pasiran ",,,,,,N,0,54,26,11, Foto ,188,West,Parisan
,,,,, No. ,41, RT ,1, RW ,1,E,108,58,51,64, Pantak , N ,,
WP54, DATUK ULAR PUTIH ,,,T," Jl. Swadaya, Kel. Pasiran ",,,,,,N,0,54,26,9, Foto ,187,West,Parisan
,,,,, No. ,36A, RT ,1, RW ,1,E,108,58,50,93, Pantak , N ,,
WP55, PHAK LIUNG THAI CI ,,,T," Jl. SM. Tsjafioeddin, Kel. Pasiran ",,,,,,N,0,54,26,82, Foto ,147,West,Parisan
,,,,, No. ,44, RT ,2, RW ,1,E,108,59,9,40, Pantak , Y ,,
WP56, NG MU NYIONG NYIONG ,,,T," Jl. SM. Tsjafioeddin, Kel. Pasiran ",,,,,,N,0,43,26,83, Foto ,148,West,Parisan
,,,,, No. ,44, RT ,2, RW ,1,E,108,59,9,60, Pantak , N ,,
WP57, DATUK TASILI ,,,T," Jl. SM. Tsjafioeddin, Kel. Pasiran ",,,,,,N,0,54,29,82, Foto ,195,West,Parisan
,,,,, No. ,54, RT ,1, RW ,1,E,108,58,57,27, Pantak , N ,,
WP58, LI PU NYIAN SAI ,,,T, Jl. SM. Tsjafioeddin Gg. Permata Hijau ,,,,,,N,0,54,26,92, Foto ,196,West,Parisan
,,,,, No. ,511, RT ,1, RW ,1,E,108,58,56,64, Pantak , N ,,
WP59, DATUK BANGAU PUTIH ,,,P," Jl. P. Diponegoro Gg. Wisata, Kel. Pasiran ",,,,,,N,0,54,4,68, Foto ,286,West,Parisan
,,,,, No. ,104, RT ,50, RW ,18,E,108,58,51,4, Pantak , N ,,
WP60, LIM SAN PAK KUNG ,,,T," Jl. Cimandiri, Kel. Pasiran ",,,,,,N,0,54,15,10, Foto ,206,West,Parisan
,,,,, No. ,40, RT ,40, RW ,15,E,108,58,26,11, Pantak , N ,,
WP61, NYUK FUNG SHI THIAN ,,,P," Jl. A. Yani, Kel. Pasiran ",,,,,,N,0,53,28,48, Foto ,111,West,Parisan
,,,,, No. ,22, RT ,33, RW ,14,E,108,57,56,76, Pantak , N ,,
WP62, BU MIAN CIONG KIUN ,,,T," Jl. A. Yani Gg. Batu Mas, Kel. Pasiran ",,,,,,N,0,53,30,99, Foto ,109,West,Parisan
,,,,, No. ,47A, RT ,32, RW ,13,E,108,58,18,52, Pantak , N ,,
WP63, KIU CHIAN NYIAN SAI ,,,T," Jl. A. Yani Gg. Batu Mas, Kel. Pasiran ",,,,,,N,0,53,30,54, Foto ,108,West,Parisan
,,,,, No. ,48, RT ,32, RW ,13,E,108,58,17,64, Pantak , N ,,
WP64, NYIAN SIAN PAK KUNG ,,,T," Jl. A. Yani Gg. Wenang, Kel. Pasiran ",,,,,,N,0,53,25,17, Foto ,110,West,Parisan
,,,,, No. ,09A, RT ,33, RW ,14,E,108,58,6,86, Pantak , N ,,
WP65, LUI HIE BONG JA ,,,T," Jl. Gunung Sari Gg. Indah Sari I, Pasiran ",,,,,,N,0,53,32,64, Foto ,107,West,Parisan
,,,,, No. ,50, RT ,54, RW ,13,E,108,58,28,13, Pantak , Y ,,
WP66, SAK MA CIONG KIUN ,,,T," Jl. Gunung Sari Gg. Indah Sari I, Pasiran ",,,,,,N,0,53,31,24, Foto ,106,West,Parisan
,,,,, No. ,51, RT ,54, RW ,13,E,108,58,29,98, Pantak , N ,,
WP67, JONG KONG SHI KUNG ,,,T," Jl. Gunung Sari Gg. Indah Sari I, Pasiran ",,,,,,N,0,53,31,42, Foto ,105,West,Parisan
,,,,, No. ,53, RT ,54, RW ,13,E,108,58,30,27, Pantak , N ,,
WP68, KIM BONG THAI CI ,,,T," Jl. Gunung Sari Gg. Puncak Sari, Pasiran ",,,,,,N,0,53,20,88, Foto ,104,West,Parisan
,,,,, No. ,81, RT ,30, RW ,12,E,108,58,36,84, Pantak , N ,,
WP69, LIONG SAN JIN ,,,P," Jl. Gunung Merapi Gg. Rukun, Kel. Pasiran ",,,,,,N,0,53,33,29, Foto ,296,West,Parisan
,,,,, No. ,15A, RT ,30, RW ,12,E,108,58,53,19, Pantak , N ,,
WP70, FAB LIN CIONG KIUN ,,,T," Jl. Gunung Merapi Gg. Rukun, Kel. Pasiran ",,,,,,N,0,53,34,8, Foto ,98,West,Parisan
,,,,, No. ,15D, RT ,30, RW ,12,E,108,58,52,86, Pantak , Y ,,
WP71, LIN FAB SHI KUNG ,,,T," Jl. Gunung Merapi Gg. Rukun, Kel. Pasiran ",,,,,,N,0,53,31,50, Foto ,99,West,Parisan
,,,,, No. ,14H, RT ,30, RW ,12,E,108,58,55,43, Pantak , N ,,
WP72, NYI LONG SHIN ,,,T," Jl. Gunung Merapi Gg. Rukun, Kel. Pasiran ",,,,,,N,0,53,34,8, Foto ,100,West,Parisan
,,,,, No. ,14B, RT ,30, RW ,12,E,108,58,55,53, Pantak , N ,,
WP73, CUNG NYI MIAU ,,,T," Jl. Yohana Godang, Kel. Pasiran ",,,,,,N,0,53,47,73, Foto ,113,West,Parisan
,,,,, No. ,50, RT ,29, RW ,12,E,108,58,58,50, Pantak , N ,,
WP74, KON CHIN TI KIUN ,,,P," Jl. Gunung Bawang, Kel. Pasiran ",,,,,,N,0,53,37,10, Foto ,101,West,Parisan
,,,,, No. ,45, RT ,31, RW ,13,E,108,58,39,43, Pantak , N ,,
WP75, FUNG MIAN CIONG KIUN ,,,T," Jl. Gunung Bawang, Kel. Pasiran ",,,,,,N,0,53,39,59, Foto ,102,West,Parisan
,,,,, No. ,58, RT ,31, RW ,13,E,108,58,39,2, Pantak , N ,,
WP76, SAM SAN KET BONG ,,,P," Jl. Gunung Bawang, Kel. Pasiran ",,,,,,N,0,53,38,66, Foto ,103,West,Parisan
,,,,, No. ,52, RT ,31, RW ,13,E,108,58,38,14, Pantak , N ,,
WP77, SAK BONG JA ,,,T," Jl. Kridasana ( Lantai bawah ), Pasiran ",,,,,,N,0,53,56,54, Foto ,92,West,Parisan
,,,,, No. ,34, RT ,53, RW ,12,E,108,59,8,60, Pantak , N ,,
WP78, FUNG MIAN CIONG KIUN ,,,T," Jl. Kridasana ( Lantai atas ), Pasiran ",,,,,,N,0,53,56,54, Foto ,93,West,Parisan
,,,,, No. ,34, RT ,53, RW ,12,E,108,59,8,60, Pantak , N ,,
WP79, THAI SONG LO KIUN ,,,P," Jl. Kridasana Gg. Karya I, Kel. Pasiran ",,,,,,N,0,53,31,22, Foto ,87,West,Parisan
,,,,, No. ,, RT ,52, RW ,11,E,108,59,94,67, Pantak , N ,,
WP80, FA SAN NYIAN SAI ,,,T," Jl. Kridasana Gg. Karya I, Kel. Pasiran ",,,,,,N,0,53,35,89, Foto ,88,West,Parisan
,,,,, No. ,45, RT ,52, RW ,11,E,108,59,10,90, Pantak , N ,,
WP81, FA SAN LIUK CIONG ,,,P," Jl. Kridasana Gg. Karya I, Kel. Pasiran ",,,,,,N,0,53,35,9, Foto ,89,West,Parisan
,,,,, No. ,32A, RT ,52, RW ,11,E,108,59,10,31, Pantak , N ,,
WP82, CUNG SAN NG BONG ,,,T," Jl. Kridasana Gg. Karya I, Kel. Pasiran ",,,,,,N,0,53,37,49, Foto ,90,West,Parisan
,,,,, No. ,28E, RT ,52, RW ,11,E,108,59,7,35, Pantak , N ,,
WP83, LIONG SAN FAB THAN ,,,P," Jl. Kridasana Gg. Karya I, Kel. Pasiran ",,,,,,N,0,53,38,60, Foto ,91,West,Parisan
,,,,, No. ,27M, RT ,52, RW ,11,E,108,59,7,43, Pantak , N ,,
WP84, CIN LIUNG PAK KUNG ,,,T," Jl. Kridasana Gg. Karya II, Kel. Pasiran ",,,,,,N,0,53,17,67, Foto ,86,West,Parisan
,,,,, No. ,82, RT ,28, RW ,11,E,108,59,3,31, Pantak , N ,,
WP85, SAK BONG CHIAN SOI ,,,T," Jl. Kridasana Gg. Karya II, Kel. Pasiran ",,,,,,N,0,53,14,4, Foto ,84,West,Parisan
,,,,, No. ,72, RT ,28, RW ,11,E,108,59,56,2, Pantak , N ,,
WP86, NG FONG PAK KUNG ,,,T," Jl. Kridasana Gg. Karya II, Kel. Pasiran ",,,,,,N,0,53,13,94, Foto ,85,West,Parisan
,,,,, No. ,70A, RT ,28, RW ,11,E,108,58,54,81, Pantak , N ,,
WP87, KELENTENG HARIMAU PUTIH ,,,T," Jl. Kridasana Gg. Tujuh Puluh, Kel. Pasiran ",,,,,,N,0,53,24,18, Foto ,83,West,Parisan
,,,,, No. ,31, RT ,26, RW ,10,E,108,59,18,12, Pantak , N ,,
WP88, CONG PAK KUNG KUNG ,,,T," Jl. Kridasana Gg. Tujuh Puluh, Kel. Pasiran ",,,,,,N,0,53,22,97, Foto ,79,West,Parisan
,,,,, No. ,83, RT ,26, RW ,10,E,108,59,19,15, Pantak , N ,,
WP89, KON JIM FUT MU ,,,T," Jl. Kridasana Gg. Tujuh Puluh, Kel. Pasiran ",,,,,,N,0,53,26,75, Foto ,78,West,Parisan
,,,,, No. ,45, RT ,26, RW ,10,E,108,59,20,87, Pantak , N ,,
WP90, SAK THO CIONG KIUN ,,,T," Jl. Kridasana Gg. Tujuh Puluh, Kel. Pasiran ",,,,,,N,0,53,21,34, Foto ,80,West,Parisan
,,,,, No. ,82B, RT ,26, RW ,10,E,108,59,81,31, Pantak , N ,,
WP91, PIT TET SEN KIUN ,,,T," Jl. Kridasana Gg. Setuju, Kel. Pasiran ",,,,,,N,0,53,50,10, Foto ,13,West,Parisan
,,,,, No. ,12B, RT ,22, RW ,9,E,108,59,16,36, Pantak , N ,,
WP92, THO FAB SIAN SHI ,,,T," Jl. Kridasana Gg. Setuju, Kel. Pasiran ",,,,,,N,0,53,48,13, Foto ,15,West,Parisan
,,,,, No. ,41, RT ,22, RW ,9,E,108,59,16,19, Pantak , N ,,
WP93, LIE TET SIAN ,,,T," Jl. Kridasana Gg. Setuju, Kel. Pasiran ",,,,,,N,0,53,48,22, Foto ,14,West,Parisan
,,,,, No. ,35, RT ,22, RW ,9,E,108,59,16,24, Pantak , N ,,
WP94, THIAN SHI FAB THAN ,,,T," Jl. Kridasana Gg. Setuju, Kel. Pasiran ",,,,,,N,0,53,47,89, Foto ,16,West,Parisan
,,,,, No. ,42, RT ,22, RW ,9,E,108,59,15,83, Pantak , N ,,
WP95, SAK BONG THAN ,,,T," Jl. Kridasana Gg. Setuju, Kel. Pasiran ",,,,,,N,0,53,48,57, Foto ,112,West,Parisan
,,,,, No. ,155, RT ,23, RW ,9,E,108,59,18,74, Pantak , N ,,
WP96, SHI THIAN FUT CU ,,,T," Jl. Kridasana Gg. Makasar, Kel. Pasiran ",,,,,,N,0,53,49,30, Foto ,17,West,Parisan
,,,,, No. ,81H, RT ,20, RW ,9,E,108,59,14,10, Pantak , Y ,,
WP97, KIM SAN PAK KUNG ,,,T," Jl. Kridasana Gg. Makasar, Kel. Pasiran ",,,,,,N,0,53,53,79, Foto ,19,West,Parisan
,,,,, No. ,92, RT ,20, RW ,9,E,108,59,15,12, Pantak , N ,,
WP98, KIU THIAN HIAN NG ,,,T," Jl. Kridasana Gg. Makasar, Kel. Pasiran ",,,,,,N,0,53,49,31, Foto ,18,West,Parisan
,,,,, No. ,81M, RT ,20, RW ,9,E,108,59,14,76, Pantak , N ,,
WP99, CHE THIAN THAI SHIN ,,,T," Jl. Kridasana Gg. Tondano, Kel. Pasiran ",,,,,,N,0,53,53,34, Foto ,21,West,Parisan
,,,,, No. ,60, RT ,20, RW ,9,E,108,59,11,71, Pantak , N ,,
WP100, THAI SONG LO KIUN ,,,T," Jl. Kridasana Gg. Tondano, Kel. Pasiran ",,,,,,N,0,53,53,61, Foto ,20,West,Parisan
,,,,, No. ,36, RT ,20, RW ,9,E,108,59,12,37, Pantak , N ,,
WP101, FAB TJHU KUNG ,,,T," Jl. GM. Situt Gg. Bakti, Kel. Pasiran ",,,,,,N,0,54,2,30, Foto ,33,West,Parisan
,,,,, No. ,56, RT ,55, RW ,8,E,108,59,22,70, Pantak , N ,,
WP102, DATUK KEMUNING ,,,T," Jl. GM. Situt Gg. Bakti, Kel. Pasiran ",,,,,,N,0,54,6,48, Foto ,31,West,Parisan
,,,,, No. ,1, RT ,55, RW ,8,E,108,59,17,63, Pantak , N ,,
WP103, FUNG MIAN CIONG KIUN ,,,T," Jl. GM. Situt Gg. Bakti, Kel. Pasiran ",,,,,,N,0,54,3,1, Foto ,32,West,Parisan
,,,,, No. ,17, RT ,21, RW ,8,E,108,59,22,1, Pantak , N ,,
WP104, CHIANG SAN CIONG KIUN ,,,T," Jl. GM. Situt Gg. Arjuna, Kel. Pasiran ",,,,,,N,0,54,7,76, Foto ,160,West,Parisan
,,,,, No. ,52, RT ,60, RW ,19,E,108,59,9,1, Pantak , Y ,,
WP105, NG BU THIAN SHI ,,,T," Jl. Pelita Gg. Lembah I, Kel. Pasiran ",,,,,,N,0,53,40,41, Foto ,97,West,Parisan
,,,,, No. ,53, RT ,27, RW ,11,E,108,59,3,93, Pantak , N ,,
WP106, LIN SAN PAK KUNG ,,,T," Jl. GM. Situt, Kel. Pasiran ",,,,,,N,0,54,12,45, Foto ,132,West,Parisan
,,,,, No. ,11, RT ,14, RW ,6,E,108,59,19,64, Pantak , N ,,
WP107, LIN SAN CU SHI ,,,T," Jl. Saman Bujang, Kel. Pasiran ",,,,,,N,0,54,24,66, Foto ,152,West,Parisan
,,,,, No. ,40, RT ,58, RW ,3,E,108,59,19,45, Pantak , N ,,
WP108, NG FU THAI CIONG ,,,T," Jl. Saman Bujang Gg. Harapan, Pasiran ",,,,,,N,0,54,23,20, Foto ,154,West,Parisan
,,,,, No. ,16, RT ,58, RW ,3,E,108,59,21,89, Pantak , N ,,
WP109, PHAK SI KUNG KUNG ,,,T," Jl. Saman Bujang Gg. Senang, Pasiran ",,,,,,N,0,54,18,51, Foto ,155,West,Parisan
,,,,, No. ,39, RT ,5, RW ,3,E,108,59,20,14, Pantak , N ,,
WP110, SAM BONG LIN THAN ,,,T," Jl. Saman Bujang Gg. Senang, Pasiran ",,,,,,N,0,54,18,48, Foto ,156,West,Parisan
,,,,, No. ,40, RT ,5, RW ,3,E,108,59,20,3, Pantak , N ,,
WP111, KONG CI CUN BONG ,,,T, Jl. Saman Bujang Gg. Senang (Lantai 1) ,,,,,,N,0,54,16,51, Foto ,157,West,Parisan
,,,,, No. ,, RT ,5, RW ,3,E,108,59,20,51, Pantak , N ,,
WP112, NAM HOI KON JIM ,,,P, Jl. Saman Bujang Gg. Senang (Lantai 2) ,,,,,,N,0,54,16,51, Foto ,158,West,Parisan
,,,,, No. ,, RT ,5, RW ,3,E,108,59,20,51, Pantak , N ,,
WP113, FUNG MIAN CIONG KIUN ,,,T," Jl. P. Natuna Kampung Manggis, Pasiran ",,,,,,N,0,53,42,70, Foto ,64,West,Parisan
,,,,, No. ,, RT ,24, RW ,10,E,108,59,46,17, Pantak , N ,,
WP114, SAU LIM CIONG KIUN ,,,T," Jl. P. Natuna Kampung Manggis, Pasiran ",,,,,,N,0,53,41,91, Foto ,65,West,Parisan
,,,,, No. ,, RT ,24, RW ,10,E,108,59,47,45, Pantak , N ,,
WP115, PHAK MA CIONG KIUN ,,,T," Jl. P. Natuna Kampung Manggis, Pasiran ",,,,,,N,0,53,44,10, Foto ,66,West,Parisan
,,,,, No. ,, RT ,24, RW ,10,E,108,59,45,13, Pantak , N ,,
WP116, NG FU CIONG KIUN ,,,T," Jl. P. Natuna Kampung Manggis, Pasiran ",,,,,,N,0,53,43,92, Foto ,67,West,Parisan
,,,,, No. ,, RT ,24, RW ,10,E,108,59,45,34, Pantak , N ,,
WP117, PHAK JIE KUNG KUNG ,,,T," Jl. P. Natuna Kampung Manggis, Pasiran ",,,,,,N,0,53,42,73, Foto ,68,West,Parisan
,,,,, No. ,92, RT ,24, RW ,10,E,108,59,45,31, Pantak , N ,,
WP118, SONG THAI THAI KUNG ,,,P," Jl. P. Natuna Kampung Manggis, Pasiran ",,,,,,N,0,53,43,1, Foto ,69,West,Parisan
,,,,, No. ,93, RT ,24, RW ,10,E,108,59,44,67, Pantak , N ,,
WP119, LO CU THIAN SHI ,,,T," Jl. P. Natuna Kampung Manggis, Pasiran ",,,,,,N,0,53,41,41, Foto ,70,West,Parisan
,,,,, No. ,91, RT ,24, RW ,10,E,108,59,42,76, Pantak , N ,,
WP120, PHAK JIE NYIONG NYIONG ,,,T," Jl. P. Natuna Kampung Manggis, Pasiran ",,,,,,N,0,53,40,27, Foto ,71,West,Parisan
,,,,, No. ,77, RT ,24, RW ,10,E,108,59,42,83, Pantak , N ,,
WP121, FUNG MIAN CIONG KIUN ,,,T," Jl. P. Natuna Kampung Manggis, Pasiran ",,,,,,N,0,53,40,4, Foto ,72,West,Parisan
,,,,, No. ,72, RT ,24, RW ,10,E,108,59,42,99, Pantak , N ,,
WP122, PHAK HOK THUNG CI ,,,T," Jl. P. Natuna Kampung Manggis, Pasiran ",,,,,,N,0,53,39,59, Foto ,73,West,Parisan
,,,,, No. ,65, RT ,24, RW ,10,E,108,59,43,42, Pantak , N ,,
WP123, LIUNG SAN PAK KUNG ,,,T," Jl. Burhani, Kel. Pasiran ",,,,,,N,0,53,29,27, Foto ,76,West,Parisan
,,,,, No. ,45, RT ,25, RW ,10,E,108,59,23,65, Pantak , N ,,
WP124, NYUK FUNG THAI SHI ,,,T," Jl. Burhani, Kel. Pasiran ",,,,,,N,0,53,35,89, Foto ,75,West,Parisan
,,,,, No. ,18, RT ,25, RW ,10,E,108,59,24,74, Pantak , N ,,
WP125, TUNG SAN CIONG KIUN ,,,T," Jl. Burhani, Kel. Pasiran ",,,,,,N,0,53,30,52, Foto ,74,West,Parisan
,,,,, No. ,, RT ,24, RW ,10,E,108,59,39,3, Pantak , Y ,,
WP126, KIM BUI PAK KUNG ,,,T," Jl. Burhani, Kel. Pasiran ",,,,,,N,0,53,25,82, Foto ,77,West,Parisan
,,,,, No. ,19, RT ,24, RW ,10,E,108,59,22,85, Pantak , Y ,,
WP127, CEU MA CIONG KIUN ,,,P," Jl. Burhani, Kel. Pasiran ",,,,,,N,0,53,28,15, Foto ,81,West,Parisan
,,,,, No. ,31, RT ,24, RW ,10,E,108,59,24,8, Pantak , N ,,
WP128, NG FAB THUNG CI ,,,T," Jl. Burhani, Kel. Pasiran ",,,,,,N,0,53,28,8, Foto ,82,West,Parisan
,,,,, No. ,41, RT ,24, RW ,10,E,108,59,25,19, Pantak , N ,,
WP129, PAT BONG CIONG KIUN ,,,T," Jl. P. Natuna, Kel. Pasiran ",,,,,,N,0,54,5,30, Foto ,34,West,Parisan
,,,,, No. ,38, RT ,21, RW ,8,E,108,59,22,24, Pantak , Y ,,
WP130, THAI SONG LO KIUN ,,,T," Jl. P. Natuna, Kel. Pasiran ",,,,,,N,0,54,2,91, Foto ,135,West,Parisan
,,,,, No. ,9, RT ,21, RW ,8,E,108,59,23,56, Pantak , N ,,
WP131, BONG LO SIAN SHI ,,,T," Jl. P. Natuna, Kel. Pasiran ",,,,,,N,0,54,9,22, Foto ,38,West,Parisan
,,,,, No. ,132, RT ,15, RW ,8,E,108,59,21,83, Pantak , N ,,
WP132, KIM SAN PAK KUNG ,,,T," Jl. P. Natuna, Kel. Pasiran ",,,,,,N,0,54,10,35, Foto ,133,West,Parisan
,,,,, No. ,, RT ,15, RW ,8,E,108,59,20,55, Pantak , N ,,
WP133, THAI CU SHIN TI ,,,T," Jl. P. Natuna, Kel. Pasiran ",,,,,,N,0,53,49,43, Foto ,5,West,Parisan
,,,,, No. ,51, RT ,19, RW ,7,E,108,59,22,3, Pantak , N ,,
WP134, FUT FAB BONG MU MU NYIONG NYIONG ,,,T," Jl. P. Natuna, Kel. Pasiran ",,,,,,N,0,53,49,67, Foto ,6,West,Parisan
,,,,, No. ,49, RT ,19, RW ,7,E,108,59,22,38, Pantak , N ,,
WP135, JONG PAK KUNG ,,,P," Jl. P. Natuna, Kel. Pasiran ",,,,,,N,0,53,48,59, Foto ,7,West,Parisan
,,,,, No. ,61, RT ,19, RW ,7,E,108,59,22,81, Pantak , N ,,
WP136, THAI SHI KUNG ,,,P," Jl. P. Natuna, Kel. Pasiran ",,,,,,N,0,53,45,81, Foto ,8,West,Parisan
,,,,, No. ,59, RT ,19, RW ,7,E,108,59,24,33, Pantak , N ,,
WP137, SAM CHIN KAU CU ,,,P," Jl. P. Natuna, Kel. Pasiran ",,,,,,N,0,53,46,23, Foto ,9,West,Parisan
,,,,, No. ,57, RT ,19, RW ,7,E,108,59,21,44, Pantak , N ,,
WP138, LI FAB NYIAN SAI ,,,T," Jl. P. Natuna, Kel. Pasiran ",,,,,,N,0,53,45,67, Foto ,10,West,Parisan
,,,,, No. ,64, RT ,19, RW ,7,E,108,59,21,80, Pantak , N ,,
WP139, CETIA MANJUSHRI BODHISATTVVA ,,,T," Jl. P. Natuna, Kel. Pasiran ",,,,,,N,0,53,54,57, Foto ,12,West,Parisan
,,,,, No. ,88, RT ,21, RW ,7,E,108,59,22,69, Pantak , N ,,
WP140, THAI SONG LO KIUN ,,,T," Jl. P. Natuna, Kel. Pasiran ",,,,,,N,0,53,54,4, Foto ,27,West,Parisan
,,,,, No. ,27, RT ,19, RW ,7,E,108,59,22,84, Pantak , N ,,
WP141, LI SAN PAK KUNG ,,,T," Jl. P. Natuna, Kel. Pasiran ",,,,,,N,0,53,49,87, Foto ,28,West,Parisan
,,,,, No. ,39A, RT ,19, RW ,7,E,108,59,21,11, Pantak , Y ,,
WP142, THAI SONG LO KIUN ,,,T," Jl. P. Natuna, Kel. Pasiran ",,,,,,N,0,53,49,93, Foto ,29,West,Parisan
,,,,, No. ,44C, RT ,19, RW ,7,E,108,59,20,90, Pantak , N ,,
WP143, SAM SAN KET BONG ,,,P," Jl. P. Natuna, Kel. Pasiran ",,,,,,N,0,53,48,90, Foto ,30,West,Parisan
,,,,, No. ,44C, RT ,19, RW ,7,E,108,59,20,17, Pantak , N ,,
WP144, BUN BU FAB SHI ,,,T," Jl. P. Natuna, Kel. Pasiran ",,,,,,N,0,53,53,61, Foto ,11,West,Parisan
,,,,, No. ,26, RT ,19, RW ,7,E,108,59,24,23, Pantak , N ,,
WP145, SAM SAN CIONG KIUN ,,,T," Jl. P. Natuna, Kel. Pasiran ",,,,,,N,0,53,49,71, Foto ,1,West,Parisan
,,,,, No. ,67, RT ,19, RW ,7,E,108,59,23,9, Pantak , Y ,,
WP146, HIAT MIAN CIONG KIUN ,,,T," Jl. P. Natuna, Kel. Pasiran ",,,,,,N,0,53,51,31, Foto ,3,West,Parisan
,,,,, No. ,74, RT ,19, RW ,7,E,108,59,22,75, Pantak , N ,,
WP147, LU SAN LIUK CIONG ,,,T," Jl. P. Natuna, Kel. Pasiran ",,,,,,N,0,53,51,61, Foto ,2,West,Parisan
,,,,, No. , 74A , RT ,19, RW ,7,E,108,59,22,48, Pantak , N ,,
WP148, JUNG LO PAK KUNG ,,,T," Jl. P. Natuna, Kel. Pasiran ",,,,,,N,0,53,49,43, Foto ,4,West,Parisan
,,,,, No. ,47, RT ,19, RW ,7,E,108,59,21,71, Pantak , N ,,
WP149, TUNG SHIN MIAU ,,,T," Jl. P. Natuna Gg. Samudera, Kel. Pasiran ",,,,,,N,0,54,3,11, Foto ,52,West,Parisan
,,,,, No. ,34, RT ,19, RW ,7,E,108,59,31,59, Pantak , N ,,
WP150, CONG THIAN SHI ,,,T," Jl. P. Natuna Gg. Sinar Abadi, Kel. Pasiran ",,,,,,N,0,53,57,93, Foto ,23,West,Parisan
,,,,, No. ,16A, RT ,19, RW ,7,E,108,59,27,51, Pantak , N ,,
WP151, SAK BONG JA KUNG ,,,T," Jl. P. Natuna Gg. Sinar Abadi, Kel. Pasiran ",,,,,,N,0,53,57,77, Foto ,22,West,Parisan
,,,,, No. ,12A, RT ,19, RW ,7,E,108,59,26,33, Pantak , N ,,
WP152, FUNG JIE PIT TET ,,,T," Jl. P. Natuna Gg. Sinar Abadi, Kel. Pasiran ",,,,,,N,0,53,56,86, Foto ,24,West,Parisan
,,,,, No. ,10, RT ,19, RW ,7,E,108,59,62,51, Pantak , N ,,
WP153, CHE THIAN THAI SHIN ,,,T," Jl. P. Natuna Gg. Sinar Abadi, Kel. Pasiran ",,,,,,N,0,53,59,26, Foto ,26,West,Parisan
,,,,, No. ,22, RT ,18, RW ,7,E,108,59,25,18, Pantak , N ,,
WP154, THASI SONG LO KIUN ,,,T," Jl. P. Natuna Gg. Sinar Abadi, Kel. Pasiran ",,,,,,N,0,53,59,95, Foto ,25,West,Parisan
,,,,, No. ,18, RT ,18, RW ,7,E,108,59,26,60, Pantak , N ,,
WP155, FUNG MIAN PAK KUNG ,,,T," Jl. P. Natuna Gg. Dua Belas, Kel. Pasiran ",,,,,,N,0,54,20,20, Foto ,35,West,Parisan
,,,,, No. ,56, RT ,18, RW ,7,E,108,59,24,89, Pantak , N ,,
WP156, KELENTENG TANDUK ,,,T," Jl. P. Natuna Gg. Terang, Kel. Pasiran ",,,,,,N,0,54,3,13, Foto ,36,West,Parisan
,,,,, No. ,65, RT ,18, RW ,7,E,108,59,25,74, Pantak , N ,,
WP157, BUN BU CIONG KIUN ,,,T," Jl. P. Natuna, Kel. Pasiran ",,,,,,N,0,54,2,78, Foto ,285,West,Parisan
,,,,, No. ,38, RT ,18, RW ,7,E,108,59,23,71, Pantak , N ,,
WP158, KIM SI PAK KUNG ,,,T," Jl. P. Natuna, Kel. Pasiran ",,,,,,N,0,54,2,73, Foto ,37,West,Parisan
,,,,, No. ,65, RT ,18, RW ,7,E,108,59,26,21, Pantak , N ,,
WP159, LIN SAN PAK KUNG ,,,T," Jl. P. Natuna, Kel. Pasiran ",,,,,,N,0,53,59,34, Foto ,61,West,Parisan
,,,,, No. ,48, RT ,17, RW ,7,E,108,59,38,8, Pantak , N ,,
WP160, PANGLIMA BURUNG KUNING ,,,T," Jl. P. Natuna, Kel. Pasiran ",,,,,,N,0,53,57,5, Foto ,62,West,Parisan
,,,,, No. ,65, RT ,17, RW ,7,E,108,59,38,44, Pantak , N ,,
WP161, LIN NGOK THUNG CI ,,,T," Jl. P. Natuna, Kel. Pasiran ",,,,,,N,0,54,3,63, Foto ,63,West,Parisan
,,,,, No. ,43, RT ,17, RW ,7,E,108,59,34,79, Pantak , N ,,
WP162, LIN PAK KUNG ,,,T," Jl. P. Natuna, Kel. Pasiran ",,,,,,N,0,54,3,97, Foto ,134,West,Parisan
,,,,, No. ,41, RT ,17, RW ,7,E,108,59,34,10, Pantak , N ,,
WP163, PHAK LA TOK ,,,T," Jl. P. Natuna Gg. Bambu, Kel. Pasiran ",,,,,,N,0,53,57,64, Foto ,56,West,Parisan
,,,,, No. ,53A, RT ,17, RW ,7,E,108,59,34,81, Pantak , N ,,
WP164, LA TOK SHI KUNG ,,,T," Jl. P. Natuna Gg. Bambu, Kel. Pasiran ",,,,,,N,0,53,58,17, Foto ,57,West,Parisan
,,,,, No. ,, RT ,17, RW ,7,E,108,59,35,57, Pantak , N ,,
WP165, SAN THAI CI ,,,T," Jl. P. Natuna Gg. Bambu, Kel. Pasiran ",,,,,,N,0,53,59,98, Foto ,58,West,Parisan
,,,,, No. ,52, RT ,17, RW ,7,E,108,59,36,23, Pantak , N ,,
WP166, SAM CHIN KAU CU ,,,P," Jl. P. Natuna Gg. Samudera, Kel. Pasiran ",,,,,,N,0,54,1,60, Foto ,54,West,Parisan
,,,,, No. ,34P, RT ,17, RW ,7,E,108,59,32,37, Pantak , N ,,
WP167, LIM SAN PAK KUNG ,,,T," Jl. P. Natuna Gg. Samudera, Kel. Pasiran ",,,,,,N,0,54,1,37, Foto ,55,West,Parisan
,,,,, No. ,34E, RT ,17, RW ,7,E,108,59,32,99, Pantak , N ,,
WP168, NYI BONG ,,,T," Jl. P. Natuna, Kel. Pasiran ",,,,,,N,0,54,7,37, Foto ,44,West,Parisan
,,,,, No. ,42C, RT ,37, RW ,6,E,108,59,37,94, Pantak , Y ,,
WP169, LI SAN LO MU ,,,T," Jl. P. Natuna Gg. Happy, Kel. Pasiran ",,,,,,N,0,54,6,32, Foto ,41,West,Parisan
,,,,, No. ,30, RT ,37, RW ,6,E,108,59,35,44, Pantak , N ,,
WP170, BU LUN PAK KUNG ,,,T," Jl. P. Natuna Gg. Happy, Kel. Pasiran ",,,,,,N,0,54,8,81, Foto ,42,West,Parisan
,,,,, No. ,38A, RT ,37, RW ,6,E,108,59,35,73, Pantak , N ,,
WP171, LU SAN THAI CIONG ,,,T," Jl. P. Natuna Gg. Happy, Kel. Pasiran ",,,,,,N,0,54,8,65, Foto ,43,West,Parisan
,,,,, No. ,38B, RT ,37, RW ,6,E,108,59,35,95, Pantak , N ,,
WP172, LU PAN SIAN SHI ,,,T," Jl. P. Natuna Gg. Sinar, Kel. Pasiran ",,,,,,N,0,54,8,72, Foto ,39,West,Parisan
,,,,, No. ,89, RT ,37, RW ,6,E,108,59,30,3, Pantak , N ,,
WP173, PHAK HOK SIAN SHI ,,,T," Jl. P. Natuna Gg. Sinar, Kel. Pasiran ",,,,,,N,0,54,7,82, Foto ,40,West,Parisan
,,,,, No. ,8, RT ,37, RW ,6,E,108,59,31,33, Pantak , N ,,
WP174, LA TOK KIUNG ,,,P," Jl. P. Natuna Gg. Sinar, Kel. Pasiran ",,,,,,N,0,54,6,9, Foto ,45,West,Parisan
,,,,, No. ,61, RT ,16, RW ,6,E,108,59,31,1, Pantak , N ,,
WP175, BU KEU CIONG KIUN ,,,T," Jl. P. Natuna, Kel. Pasiran ",,,,,,N,0,53,59,39, Foto ,59,West,Parisan
,,,,, No. ,33, RT ,16, RW ,6,E,108,59,38,30, Pantak , N ,,
WP176, PHAK LIAN SHI KUNG ,,,T," Jl. P. Natuna, Kel. Pasiran ",,,,,,N,0,53,59,35, Foto ,60,West,Parisan
,,,,, No. ,34, RT ,16, RW ,6,E,108,59,38,19, Pantak , N ,,
WP177, NAM SAN CIONG KIUN ,,,T," Jl. P. Natuna, Kel. Pasiran ",,,,,,N,0,54,4,31, Foto ,297,West,Parisan
,,,,, No. ,17, RT ,16, RW ,6,E,108,59,34,10, Pantak , N ,,
WP178, NG FONG PAK KUNG / ALTAR ,,,P," Jl. P. Natuna, Kel. Pasiran ",,,,,,N,0,54,9,77, Foto ,294,West,Parisan
,,,,, No. ,16A, RT ,14, RW ,6,E,108,59,21,81, Pantak , N ,,
WP179, THIAN SHI CIN NYIN ,,,T," Jl. P. Natuna, Kel. Pasiran ",,,,,,N,0,54,4,94, Foto ,51,West,Parisan
,,,,, No. ,62, RT ,14, RW ,6,E,108,59,27,85, Pantak , N ,,
WP180, SAM SIP LIUK THAI KAU ,,,T," Jl. P. Natuna Gg. Marga Pui, Pasiran ",,,,,,N,0,54,3,55, Foto ,123,West,Parisan
,,,,, No. ,58F, RT ,16, RW ,6,E,108,59,41,69, Pantak , N ,,
WP181, CEU MA CIONG KIUN ,,,T," Jl. P. Natuna Gg. Samudera, Kel. Pasiran ",,,,,,N,0,54,2,70, Foto ,53,West,Parisan
,,,,, No. ,34B, RT ,14, RW ,6,E,108,59,32,49, Pantak , N ,,
WP182, DATUK GUNUNG BESI ,,,T," Jl. P. Belitung, Kel. Pasiran ",,,,,,N,0,54,8,84, Foto ,50,West,Parisan
,,,,, No. ,11C, RT ,14, RW ,4,E,108,59,26,31, Pantak , Y ,,
WP183, THO FAB SIAN SHI ,,,T," Jl. P. Belitung, Kel. Pasiran ",,,,,,N,0,54,16,95, Foto ,128,West,Parisan
,,,,, No. ,10, RT ,10, RW ,4,E,108,59,27,88, Pantak , N ,,
WP184, LIN SAN FAB SHI ,,,T," Jl. P. Belitung Gg. Happy, Kel. Pasiran ",,,,,,N,0,54,11,10, Foto ,49,West,Parisan
,,,,, No. ,64, RT ,37, RW ,6,E,108,59,30,77, Pantak , N ,,
WP185, DATUK TANJUNG PALO ,,,P," Jl. P. Belitung Gg. Gotong Royong, Pasiran ",,,,,,N,0,54,15,22, Foto ,130,West,Parisan
,,,,, No. ,42, RT ,10, RW ,4,E,108,59,28,41, Pantak , N ,,
WP186, THO FAB THAN ,,,T," Jl. P. Belitung Gg. Gotong Royong, Pasiran ",,,,,,N,0,54,12,54, Foto ,46,West,Parisan
,,,,, No. ,69, RT ,10, RW ,5,E,108,59,27,31, Pantak , N ,,
WP187, CHIT THIAN MIAU ,,,P," Jl. P. Belitung Gg. Gotong Royong, Pasiran ",,,,,,N,0,54,13,61, Foto ,47,West,Parisan
,,,,, No. ,66, RT ,10, RW ,5,E,108,59,26,88, Pantak , N ,,
WP188, SAM SAN KET BONG ,,,T," Jl. P. Belitung Gg. Gotong Royong, Pasiran ",,,,,,N,0,54,15,2, Foto ,129,West,Parisan
,,,,, No. ,67, RT ,12, RW ,4,E,108,59,29,45, Pantak , N ,,
WP189, LO CU SHIAN SHI ,,,T," Jl. P. Belitung Gg. Happy, Kel. Pasiran ",,,,,,N,0,54,11,1, Foto ,48,West,Parisan
,,,,, No. ,63, RT ,37, RW ,6,E,108,59,30,63, Pantak , N ,,
WP190, FUNG MIAN CIONG KIUN ,,,T," Jl. Pasar Turi, Kel. Pasiran ",,,,,,N,0,54,18,80, Foto ,116,West,Parisan
,,,,, No. ,79, RT ,9, RW ,5,E,108,59,31,13, Pantak , N ,,
WP191, PHU AM CU SHI ,,,P," Jl. Pasar Turi, Kel. Pasiran ",,,,,,N,0,54,18,97, Foto ,117,West,Parisan
,,,,, No. ,73, RT ,9, RW ,5,E,108,59,30,12, Pantak , N ,,
WP192, BONG PAK KUNG KUNG ,,,T," Jl. Pasar Turi, Kel. Pasiran ",,,,,,N,0,54,13,44, Foto ,126,West,Parisan
,,,,, No. ,7, RT ,12, RW ,4,E,108,59,38,22, Pantak , N ,,
WP193, THAI SONG LO KIUN ,,,T," Jl. Pasar Turi, Kel. Pasiran ",,,,,,N,0,54,19,17, Foto ,119,West,Parisan
,,,,, No. ,15, RT ,12, RW ,4,E,108,59,33,74, Pantak , N ,,
WP194, BONG PAK KUNG KUNG ,,,T," Jl. Pasar Turi, Kel. Pasiran ",,,,,,N,0,54,22,69, Foto ,115,West,Parisan
,,,,, No. ,68, RT ,8, RW ,4,E,108,59,32,59, Pantak , N ,,
WP195, HIAN THIAN SONG TI ,,,P," Jl. Pasar Turi, Kel. Pasiran ",,,,,,N,0,54,21,62, Foto ,118,West,Parisan
,,,,, No. ,57, RT ,8, RW ,4,E,108,59,33,89, Pantak , N ,,
WP196, CHIT BU CIONG KIUN ,,,T," Jl. Pasar Turi Gg. Happy, Kel. Pasiran ",,,,,,N,0,54,23,21, Foto ,120,West,Parisan
,,,,, No. ,25, RT ,11, RW ,4,E,108,59,37,13, Pantak , N ,,
WP197, KIU LIAN PHU SAT ,,,T," Jl. Pasar Turi Gg. Happy, Kel. Pasiran ",,,,,,N,0,54,22,41, Foto ,121,West,Parisan
,,,,, No. ,29, RT ,11, RW ,4,E,108,59,37,46, Pantak , N ,,
WP198, SAK SAN SHI KUNG ,,,T," Jl. Pasar Turi Gg. Happy, Kel. Pasiran ",,,,,,N,0,54,26,7, Foto ,122,West,Parisan
,,,,, No. ,2, RT ,11, RW ,4,E,108,59,35,1, Pantak , N ,,
WP199, CHIANG MIN CIONG KIUN ,,,T, Jl. Pasar Turi Dalam / Blkg Sahabat Baru ,,,,,,N,0,54,16,50, Foto ,127,West,Parisan
,,,,, No. ,, RT ,12, RW ,4,E,108,59,44,3, Pantak , N ,,
WP200, FA KONG THAI TI ,,,P," Jl. Pasar Baru , Kel. Pasiran ",,,,,,N,0,54,13,10, Foto ,125,West,Parisan
,,,,, No. ,17, RT ,12, RW ,4,E,108,59,37,39, Pantak , N ,,
WP201, MAO SAN CU SHI ,,,T, Jl. Pasar Baru Kompleks Pasar Baru ,,,,,,N,0,54,9,31, Foto ,124,West,Parisan
,,,,, No. ,10A, RT ,12, RW ,4,E,108,59,39,65, Pantak , N ,,
WP202, KON JIM NYIONG NYIONG ,,,P," Jl. Sama-sama, Kel. Pasiran ",,,,,,N,0,54,14,89, Foto ,131,West,Parisan
,,,,, No. ,18, RT ,12, RW ,4,E,108,59,23,50, Pantak , N ,,
WM1, BUN BU CIONG KIUN ,,P,T," Jl. Hermansyah, Kel. Melayu ",,,,,,N,0,54,36,84, Foto ,169,West,Melayu
,,,HP,, No. ,22, RT ,25, RW ,7,E,108,59,11,15, Pantak , N ,,
WM2, LIE FAB NYIAN SAI ,,P,T," Jl. Hermansyah Gg. Dwi Tunggal, Melayu ",,,,,,N,0,54,31,33, Foto ,161,West,Melayu
,,,HP,, No. ,43, RT ,32, RW ,9,E,108,59,4,27, Pantak , N ,,
WM3, SUN FUK LUI THAN ,,P,T, Jl. Hermansyah Gg. Dwi Tunggal Blok A ,,,,,,N,0,54,34,68, Foto ,292,West,Melayu
,,,HP,, No. ,29A, RT ,35, RW ,9,E,108,58,54,0, Pantak , N ,,
WM4, NAM SAN LO MU ,,P,T, Jl. Hermansyah Gg. Dwi Tunggal Blok A ,,,,,,N,0,54,34,72, Foto ,293,West,Melayu
,,,HP,, No. ,29.O, RT ,35, RW ,9,E,108,58,53,80, Pantak , N ,,
WM5, THIET SAN SAM BONG ,,P,T, Jl. Hermansyah Gg. Dwi Tunggal Blok A ,,,,,,N,0,54,37,41, Foto ,179,West,Melayu
,,,HP,, No. ,31B, RT ,35, RW ,9,E,108,58,51,21, Pantak , N ,,
WM6, MUNG KU PAK KUNG ,,P,T, Jl. Hermansyah Gg. Dwi Tunggal Blok A ,,,,,,N,0,54,36,48, Foto ,178,West,Melayu
,,,HP,, No. ,31C, RT ,35, RW ,9,E,108,58,50,95, Pantak , N ,,
WM7, SAM CHIN KAU CU ,,P,T, Jl. Hermansyah Gg. Dwi Tunggal Blok A ,,,,,,N,0,54,35,83, Foto ,182,West,Melayu
,,,HP,, No. ,30F, RT ,35, RW ,9,E,108,58,52,39, Pantak , N ,,
WM8, CHE THIAN THAI SHIN ,,P,T, Jl. Hermansyah Gg. Dwi Tunggal Blok A ,,,,,,N,0,54,36,29, Foto ,181,West,Melayu
,,,HP,, No. ,102, RT ,33, RW ,9,E,108,58,57,73, Pantak , N ,,
WM9, SHI NGOK FAB THAN ,,P,T, Jl. Hermansyah Gg. Dwi Tunggal Blok A ,,,,,,N,0,54,36,48, Foto ,165,West,Melayu
,,,HP,, No. ,30A, RT ,33, RW ,9,E,108,59,1,42, Pantak , N ,,
WM10, NG HANG SEN KIUN ,,P,T, Jl. Hermansyah Gg. Dwi Tunggal Blok A ,,,,,,N,0,54,38,85, Foto ,174,West,Melayu
,,,HP,, No. ,5, RT ,33, RW ,9,E,108,59,2,56, Pantak , N ,,
WM11, DATUK BRAMA ,,P,T, Jl. Hermansyah Gg. Dwi Tunggal Blok B ,,,,,,N,0,54,35,18, Foto ,162,West,Melayu
,,,HP,, No. ,57, RT ,33, RW ,9,E,108,58,59,90, Pantak , N ,,
WM12, PHAK JIE NYIONG ,,P,T, Jl. Hermansyah Gg. Dwi Tunggal Blok B ,,,,,,N,0,54,35,14, Foto ,163,West,Melayu
,,,HP,, No. ,76, RT ,33, RW ,9,E,108,59,0,21, Pantak , N ,,
WM13, DATUK RAJIRO ,,P,T, Jl. Hermansyah Gg. Dwi Tunggal Blok B ,,,,,,N,0,54,35,43, Foto ,164,West,Melayu
,,,HP,, No. ,53, RT ,33, RW ,9,E,108,58,59,92, Pantak , N ,,
WM14, PHAK HOK SIAN SHI ,,P,T, Jl. Hermansyah Gg. Dwi Tunggal Blok C ,,,,,,N,0,54,38,97, Foto ,177,West,Melayu
,,,HP,, No. ,158, RT ,33, RW ,9,E,108,58,54,87, Pantak , N ,,
WM15, LU SAN PAK KUNG ,,P,T, Jl. Hermansyah Gg. Dwi Tunggal Blok C ,,,,,,N,0,54,37,95, Foto ,175,West,Melayu
,,,HP,, No. ,128, RT ,33, RW ,9,E,108,58,57,15, Pantak , N ,,
WM16, SAK BONG CHIAN SOI ,,P,T, Jl. Hermansyah Gg. Dwi Tunggal Blok C ,,,,,,N,0,54,38,1, Foto ,176,West,Melayu
,,,HP,, No. ,132, RT ,33, RW ,9,E,108,58,56,82, Pantak , N ,,
WM17, PHAK HOK SIAN SHI ,,P,T, Jl. Hermansyah Gg. Dwi Tunggal Blok C ,,,,,,N,0,54,38,97, Foto ,177,West,Melayu
,,,HP,, No. ,158, RT ,33, RW ,9,E,108,58,54,87, Pantak , N ,,
WM18, CHIT SHI CU ,,P,T, Jl. Hermansyah Gg. Dwi Tunggal Blok D ,,,,,,N,0,54,42,12, Foto ,167,West,Melayu
,,,HP,, No. ,258, RT ,33, RW ,9,E,108,59,0,53, Pantak , N ,,
WM19, PHAK HOK SIAN SHI ,,P,T, Jl. Hermansyah Gg. Dwi Tunggal Blok D ,,,,,,N,0,54,41,50, Foto ,166,West,Melayu
,,,HP,, No. ,25D, RT ,33, RW ,9,E,108,58,59,78, Pantak , N ,,
WM20, PHU AM CU SHI ,,P,T, Jl. Hermansyah Gg. Dwi Tunggal Blok D ,,,,,,N,0,54,41,34, Foto ,284,West,Melayu
,,,HP,, No. ,252, RT ,33, RW ,9,E,108,59,0,29, Pantak , N ,,
WM21, BONG PAK KUNG ,,P,T," Jl. Hermansyah Gg. Ampera, Kel. Melayu ",,,,,,N,0,54,35,76, Foto ,171,West,Melayu
,,,HP,, No. ,16, RT ,30, RW ,10,E,108,59,8,30, Pantak , N ,,
WM22, CHIN PAK KUNG KUNG ,,P,T," Jl. Hermansyah Gg. Ampera, Kel. Melayu ",,,,,,N,0,54,35,41, Foto ,170,West,Melayu
,,,HP,, No. ,8, RT ,30, RW ,10,E,108,59,8,36, Pantak , N ,,
WM23, KIM PO THUNG CI ,,P,T," Jl. Hermansyah Gg. Ampera, Kel. Melayu ",,,,,,N,0,54,34,89, Foto ,172,West,Melayu
,,,HP,, No. ,19, RT ,30, RW ,10,E,108,59,7,87, Pantak , N ,,
WM24, NAM SAM MIAN ,,P,T," Jl. Hermansyah Gg. Ampera, Kel. Melayu ",,,,,,N,0,54,33,72, Foto ,173,West,Melayu
,,,HP,, No. ,30, RT ,30, RW ,10,E,108,59,7,23, Pantak , N ,,
WM25, LUNG SIAN KUNG CI ,,P,T," Jl. Hermansyah Gg. Dwi Warna, Melayu ",,,,,,N,0,54,42,83, Foto ,168,West,Melayu
,,,HP,, No. ,135, RT ,29, RW ,7,E,108,59,1,37, Pantak , N ,,
WM26, LO CU THIAN SHI ,,P,T," Jl. Jalil Tata, Kel. Melayu ",,,,,,N,0,54,30,49, Foto ,149,West,Melayu
,,,HP,, No. ,23, RT ,38, RW ,10,E,108,59,9,86, Pantak , N ,,
WM27, HET LUI CIONG KIUN ,,P,T," Jl. Said Harun, Kel. Melayu ",,,,,,N,0,54,32,84, Foto ,150,West,Melayu
,,,HP,, No. ,35, RT ,33, RW ,9,E,108,59,10,65, Pantak , N ,,
WM28, SAM SAN THAI CI / JELANGKUNG ,,P,T," Jl. Sindansana, Kel. Melayu ",,,,,,N,0,54,34,92, Foto ,151,West,Melayu
,,,HP,, No. ,17, RT ,44, RW ,6,E,108,59,14,94, Pantak , N ,,
WM29, LU SAN KIONG SIU CHOI ,,P,T," Jl. Alianyang, Kel. Melayu ",,,,,,N,0,54,48,16, Foto ,192,West,Melayu
,,,HP,, No. ,27, RT ,23, RW ,8,E,108,58,54,42, Pantak , N ,,
WM30, SHI PAK KUNG KUNG ,,P,T," Jl. Alianyang, Kel. Melayu ",,,,,,N,0,54,50,9, Foto ,193,West,Melayu
,,,HP,, No. ,34, RT ,23, RW ,8,E,108,58,54,98, Pantak , N ,,
WM31, CHIT SIAN BONG CUN ,,P,T," Jl. Alianyang, Kel. Melayu ",,,,,,N,0,54,46,6, Foto ,194,West,Melayu
,,,HP,, No. ,18, RT ,23, RW ,8,E,108,58,53,86, Pantak , N ,,
WM32, PHAK SI KUNG KUNG ,,P,T," Jl. Alianyang Gg. Tugino, Kel. Melayu ",,,,,,N,0,54,49,43, Foto ,245,West,Melayu
,,,HP,, No. ,34, RT ,24, RW ,8,E,108,58,49,77, Pantak , N ,,
WM33, CIU SIAN KUNG KUNG ,,P,T," Jl. Yos Sudarso, Kel. Melayu ",,,,,,N,0,54,43,64, Foto ,279,West,Melayu
,,,HP,, No. ,73, RT ,20, RW ,8,E,108,59,8,28, Pantak , N ,,
WM34, BU MIAN CIONG KIUN ,,P,T," Jl. Yos Sudarso Gg. Parit Ketapang, Melayu ",,,,,,N,0,54,57,70, Foto ,266,West,Melayu
,,,HP,, No. ,54A, RT ,14, RW ,3,E,108,59,8,67, Pantak , N ,,
WM35, CHIANG SAN PAK KUNG ,,P,T," Jl. Yos Sudarso Gg. Parit Ketapang, Melayu ",,,,,,N,0,55,1,72, Foto ,267,West,Melayu
,,,HP,, No. ,88, RT ,15, RW ,3,E,108,59,8,25, Pantak , N ,,
WM36, NA CA SAM THAI CI ,,P,T," Jl. Yos Sudarso Gg. Parit Ketapang, Melayu ",,,,,,N,0,54,58,69, Foto ,264,West,Melayu
,,,HP,, No. ,57A, RT ,14, RW ,3,E,108,59,8,35, Pantak , N ,,
WM37, LO FAB SHI KUNG ,,P,T," Jl. Yos Sudarso Gg. Parit Ketapang, Melayu ",,,,,,N,0,54,56,19, Foto ,271,West,Melayu
,,,HP,, No. ,44, RT ,14, RW ,3,E,108,59,5,61, Pantak , N ,,
WM38, THO FAB THAN ,,P,T," Jl. Yos Sudarso Gg. Parit Ketapang, Melayu ",,,,,,N,0,54,52,72, Foto ,272,West,Melayu
,,,HP,, No. ,12A, RT ,12, RW ,3,E,108,59,3,4, Pantak , N ,,
WM39, KIM SAN PAK KUNG ,,P,T," Jl. Yos Sudarso Gg. Parit Ketapang, Melayu ",,,,,,N,0,54,54,19, Foto ,273,West,Melayu
,,,HP,, No. ,31A, RT ,13, RW ,3,E,108,59,4,70, Pantak , N ,,
WM40, PHAK SI KUNG KUNG ,,P,T," Jl. Yos Sudarso Gg. Parit Ketapang, Melayu ",,,,,,N,0,54,50,12, Foto ,274,West,Melayu
,,,HP,, No. ,100, RT ,10, RW ,3,E,108,59,5,38, Pantak , N ,,
WM41, NYI HI THAN ,,P,T," Jl. Yos Sudarso Gg. Parit Ketapang, Melayu ",,,,,,N,0,54,50,61, Foto ,275,West,Melayu
,,,HP,, No. ,29, RT ,7, RW ,2,E,108,59,5,39, Pantak , N ,,
WM42, LIN SAN THAI CI ,,P,T," Jl. Yos Sudarso Gg. Nelayan, Kel. Melayu ",,,,,,N,0,55,2,99, Foto ,268,West,Melayu
,,,HP,, No. ,77, RT ,18, RW ,4,E,108,59,2,85, Pantak , N ,,
WM43, CI KO THAI BONG ,,P,T," Jl. Yos Sudarso Gg. Nelayan, Kel. Melayu ",,,,,,N,0,54,58,60, Foto ,269,West,Melayu
,,,HP,, No. ,61, RT ,58, RW ,4,E,108,59,1,78, Pantak , N ,,
WM44, PAK KUNG ,,P,T," Jl. Yos Sudarso Gg. Nelayan, Kel. Melayu ",,,,,,N,0,54,57,18, Foto ,270,West,Melayu
,,,HP,, No. ,43, RT ,17, RW ,4,E,108,59,1,87, Pantak , N ,,
WM45, THAI SIAU SEN KIUN ,,P,T," Jl. Yos Sudarso, Gg. Skw Muda, Melayu ",,,,,,N,0,54,43,24, Foto ,280,West,Melayu
,,,HP,, No. ,15, RT ,20, RW ,8,E,108,59,8,9, Pantak , N ,,
WM46, THIAN HA THAI CIONG KIUN ,,P,T," Jl. Yos Sudarso, Gg. Skw Muda, Melayu ",,,,,,N,0,54,41,93, Foto ,281,West,Melayu
,,,HP,, No. ,21, RT ,20, RW ,8,E,108,59,7,11, Pantak , N ,,
WM47, BONG PAK KUNG KUNG ,,P,T," Jl. Yos Sudarso, Gg. Skw Muda, Melayu ",,,,,,N,0,54,41,19, Foto ,282,West,Melayu
,,,HP,, No. ,19, RT ,20, RW ,8,E,108,59,6,66, Pantak , N ,,
WM48, NA CA THAI CI ,,P,T," Jl. Yos Sudarso Gg. Muksin, Kel. Melayu ",,,,,,N,0,54,45,80, Foto ,180,West,Melayu
,,,HP,, No. ,4A, RT ,22, RW ,8,E,108,59,0,52, Pantak , N ,,
WM49, LIM PAK KUNG ,,P,T," Jl. Pembangunan, Kel. Melayu ",,,,,,N,0,54,49,44, Foto ,276,West,Melayu
,,,HP,, No. ,17A, RT ,7, RW ,2,E,108,59,10,24, Pantak , N ,,
WM50, NG BONG SE SAK ,,P,T," Jl. Merpati, Kel. Melayu ",,,,,,N,0,54,43,77, Foto ,277,West,Melayu
,,,HP,, No. ,39, RT ,6, RW ,1,E,108,59,17,66, Pantak , N ,,
WM51, PHAK JIE NYIONG NYIONG ,,P,T," Jl. Merpati, Kel. Melayu ",,,,,,N,0,54,45,60, Foto ,278,West,Melayu
,,,HP,, No. ,4, RT ,6, RW ,1,E,108,59,16,59, Pantak , N ,,
WM52, KON SE JIM PHU SAT ,,P,T," Jl. Merpati, Kel. Melayu ",,,,,,N,0,54,45,60, Foto ,283,West,Melayu
,,,HP,, No. ,5, RT ,6, RW ,1,E,108,59,16,37, Pantak , N ,,
WM53, SAM CHIN KAU CU ,,P,T," Jl. Nyiur Gg. Nyiur 1, Kel. Melayu ",,,,,,N,0,54,38,54, Foto ,291,West,Melayu
,,,HP,, No. ,87, RT ,59, RW ,8,E,108,58,45,66, Pantak , N ,,
WM54, CI KO THAI BONG ,,P,T," Jl. Niaga (Lantai 2), Kel. Melayu ",,,,,,N,0,54,24,38, Foto ,153,West,Melayu
,,,HP,, No. ,169, RT ,57, RW ,12,E,108,59,17,17, Pantak , N ,,
WT1, CHAI SEN PAK KUNG ,,P,T, Jl. Pembangunan Gg. H. Achmal ,,,,,,N,0,55,0,68, Foto ,261,West,Tengah
,,,HP,, No. ,62, RT ,5, RW ,2,E,108,59,15,50, Pantak , N ,,
WT2, DATUK TANJUNG KEMUNING 369 ,,P,T, Jl. Yos Sudarso Gg. Parit Ketapang ,,,,,,N,0,54,57,23, Foto ,265,West,Tengah
,,,HP,, No. ,28, RT ,7, RW ,2,E,108,59,9,20, Pantak , N ,,
WT3, BONG PAK KUNG MIAU ,,P,T, Jl. Yos Sudarso Gg. Parit Ketapang ,,,,,,N,0,55,3,39, Foto ,262,West,Tengah
,,,HP,, No. ,, RT ,5, RW ,2,E,108,59,11,14, Pantak , N ,,
WT4, FUT FAB SHI KIUN ,,P,T, Jl. Yos Sudarso Gg. Parit Ketapang ,,,,,,N,0,54,58,84, Foto ,263,West,Tengah
,,,HP,, No. ,, RT ,7, RW ,2,E,108,59,9,69, Pantak , N ,,
WK1, NAM SAK SAK BONG ,,P,T," Jl. Tani Gg. Bersama, Kel. Kuala ",,,,,,N,0,54,49,86, Foto ,231,West,Kuala
,,,HP,, No. ,105, RT ,3, RW ,1,E,108,58,40,24, Pantak , N ,,
WK2, BUN BU CIONG KIUN ,,P,T," Jl. Tani Gg. Bersama, Kel. Kuala ",,,,,,N,0,54,52,21, Foto ,232,West,Kuala
,,,HP,, No. ,66, RT ,3, RW ,1,E,108,58,39,27, Pantak , N ,,
WK3, CHIT SEN SIN NYIONG ,,P,T," Jl. Tani Gg. Bersama, Kel. Kuala ",,,,,,N,0,54,51,42, Foto ,233,West,Kuala
,,,HP,, No. ,65, RT ,3, RW ,1,E,108,58,39,22, Pantak , N ,,
WK4, LIM PAK KUNG KUNG ,,P,T," Jl. Tani Gg. Bersama, Kel. Kuala ",,,,,,N,0,54,52,26, Foto ,234,West,Kuala
,,,HP,, No. ,, RT ,3, RW ,1,E,108,58,39,73, Pantak , N ,,
WK5, FAB CHIN THAN ,,P,T," Jl. Tani Gg. Bersama, Kel. Kuala ",,,,,,N,0,54,53,24, Foto ,235,West,Kuala
,,,HP,, No. ,164, RT ,6, RW ,2,E,108,58,33,18, Pantak , N ,,
WK6, BONG LO SIAN SHI ,,P,T," Jl. Tani Gg. Bersama, Kel. Kuala ",,,,,,N,0,54,54,47, Foto ,236,West,Kuala
,,,HP,, No. ,157, RT ,6, RW ,2,E,108,58,30,43, Pantak , N ,,
WK7, NA CA SAM THAI CI ,,P,T," Jl. Tani Gg. Bersama, Kel. Kuala ",,,,,,N,0,54,57,39, Foto ,237,West,Kuala
,,,HP,, No. ,89, RT ,6, RW ,2,E,108,58,30,42, Pantak , N ,,
WK8, SI THAI KUNG KUNG ,,P,T," Jl. Tani Gg. Bersama, Kel. Kuala ",,,,,,N,0,54,57,18, Foto ,238,West,Kuala
,,,HP,, No. ,45, RT ,6, RW ,2,E,108,58,31,65, Pantak , N ,,
WK9, PHAK JIE NYIONG NYIONG ,,P,T," Jl. Tani Gg. Bersama, Kel. Kuala ",,,,,,N,0,54,53,72, Foto ,239,West,Kuala
,,,HP,, No. ,159, RT ,6, RW ,2,E,108,58,31,32, Pantak , N ,,
WK10, FA KONG THAI TI ,,P,T," Jl. Tani Gg. Bersama, Kel. Kuala ",,,,,,N,0,54,51,18, Foto ,240,West,Kuala
,,,HP,, No. ,, RT ,6, RW ,2,E,108,58,30,5, Pantak , N ,,
WK11, NO NAME ,,P,T," Jl. Tani Gg. Bersama, Kel. Kuala ",,,,,,N,0,54,51,24, Foto ,241,West,Kuala
,,,HP,, No. ,, RT ,6, RW ,2,E,108,58,30,35, Pantak , N ,,
WK12, DATUK IBAN ,,P,T," Jl. Tani Gg. Seksama 1, Kel. Kuala ",,,,,,N,0,54,28,86, Foto ,252,West,Kuala
,,,HP,, No. ,137, RT ,4, RW ,1,E,108,58,31,87, Pantak , N ,,
WK13, FUT MU NYIONG NYIONG ,,P,T," Jl. Tani Gg. Seksama 1, Kel. Kuala ",,,,,,N,0,54,29,75, Foto ,253,West,Kuala
,,,HP,, No. ,136, RT ,4, RW ,1,E,108,58,31,43, Pantak , N ,,
WK14, BU SAN PAK KUNG ,,P,T," Jl. Tani Gg. Seksama 2, Kel. Kuala ",,,,,,N,0,54,33,87, Foto ,213,West,Kuala
,,,HP,, No. ,184, RT ,4, RW ,1,E,108,58,25,18, Pantak , N ,,
WK15, FA SAN LO FU ,,P,T," Jl. Tani Gg. Seksama 2, Kel. Kuala ",,,,,,N,0,54,37,6, Foto ,220,West,Kuala
,,,HP,, No. ,14, RT ,13, RW ,3,E,108,58,18,65, Pantak , N ,,
WK16, LU SAN THAI CI ,,P,T," Jl. Tani Gg. Seksama 2, Kel. Kuala ",,,,,,N,0,54,37,45, Foto ,221,West,Kuala
,,,HP,, No. ,235, RT ,4, RW ,1,E,108,58,25,40, Pantak , N ,,
WK17, FAB SHI MIAU ,,P,T," Jl. Tani Gg. Cimahi, Kel. Kuala ",,,,,,N,0,54,41,29, Foto ,222,West,Kuala
,,,HP,, No. ,21, RT ,13, RW ,3,E,108,58,23,69, Pantak , N ,,
WK18, THIAN SAN KUNG KUNG ,,P,T," Jl. Tani Gg. Cimahi, Kel. Kuala ",,,,,,N,0,54,40,73, Foto ,223,West,Kuala
,,,HP,, No. ,232, RT ,4, RW ,1,E,108,58,26,9, Pantak , N ,,
WK19, LI FAB SIAN SHI ,,P,T," Jl. Tani Gg. Cimahi, Kel. Kuala ",,,,,,N,0,54,40,22, Foto ,224,West,Kuala
,,,HP,, No. ,233, RT ,4, RW ,1,E,108,58,25,55, Pantak , N ,,
WK20, CIONG KIUN MIAU ,,P,T," Jl. Kelapa Dua, Kel. Kuala ",,,,,,N,0,54,42,90, Foto ,225,West,Kuala
,,,HP,, No. ,284H, RT ,4, RW ,1,E,108,58,28,3, Pantak , N ,,
WK21, SAM THIAN THAI BONG ,,P,T," Jl. Kelapa Dua, Kel. Kuala ",,,,,,N,0,55,0,60, Foto ,226,West,Kuala
,,,HP,, No. ,1, RT ,13, RW ,3,E,108,58,1,34, Pantak , N ,,
WK22, CI KO THAI BONG ,,P,T," Jl. Nagasari Gg. Panca Bakti Dalam, Kuala ",,,,,,N,0,54,32,81, Foto ,256,West,Kuala
,,,HP,, No. ,60, RT ,4, RW ,1,E,108,58,38,29, Pantak , N ,,
WK23, THIAN FAB MIAU THONG ,,P,T," Jl. Nagasari Gg. Panca Bakti Dalam, Kuala ",,,,,,N,0,54,30,27, Foto ,257,West,Kuala
,,,HP,, No. ,166, RT ,4, RW ,1,E,108,58,37,52, Pantak , N ,,
WK24, THAI SONG LO KIUN ,,P,T," Jl. Nagasari Gg. Panca Bakti Dalam, Kuala ",,,,,,N,0,54,30,18, Foto ,258,West,Kuala
,,,HP,, No. ,149, RT ,4, RW ,1,E,108,58,36,91, Pantak , N ,,
WK25, CHAU KONG NYIAN SAI ,,P,T," Jl. Nyiur Gg. Nyiur 3, Kel. Kuala ",,,,,,N,0,54,40,45, Foto ,287,West,Kuala
,,,HP,, No. ,135, RT ,2, RW ,1,E,108,58,43,1, Pantak , N ,,
WK26, KONG FUK THAN ,,P,T," Jl. Nyiur Gg. Nyiur 3, Kel. Kuala ",,,,,,N,0,54,42,9, Foto ,288,West,Kuala
,,,HP,, No. ,D9, RT ,2, RW ,1,E,108,58,39,84, Pantak , N ,,
WK27, LU SAN PAK KUNG ,,P,T," Jl. Nyiur Gg. Nyiur 3, Kel. Kuala ",,,,,,N,0,54,42,0, Foto ,289,West,Kuala
,,,HP,, No. ,D4, RT ,2, RW ,1,E,108,58,39,78, Pantak , N ,,
WK28, SHI THO THAN ,,P,T," Jl. Nyiur Gg. Nyiur 4, Kel. Kuala ",,,,,,N,0,54,40,21, Foto ,290,West,Kuala
,,,HP,, No. ,, RT ,2, RW ,1,E,108,58,40,64, Pantak , N ,,
WK29, LIM SAN PAK KUNG ,,P,T," Jl. Alianyang Gg. Duta Mas, Kel. Kuala ",,,,,,N,0,54,47,36, Foto ,246,West,Kuala
,,,HP,, No. ,392, RT ,2, RW ,1,E,108,58,44,11, Pantak , N ,,
WK30, PHAK JIE CIONG KIUN ,,P,T," Jl. Alianyang Gg. Duta Mas, Kel. Kuala ",,,,,,N,0,54,47,20, Foto ,247,West,Kuala
,,,HP,, No. ,390, RT ,2, RW ,1,E,108,58,44,24, Pantak , N ,,
WK31, SHI THIAN FUT FAB ,,P,T," Jl. Tani Gg. Famili, Kel. Kuala ",,,,,,N,0,54,33,15, Foto ,254,West,Kuala
,,,HP,, No. ,106, RT ,4, RW ,1,E,108,58,34,63, Pantak , Y ,,
WK32, PHAK LIAN SHI KUNG ,,P,T," Jl. Tani Gg. Famili, Kel. Kuala ",,,,,,N,0,54,34,13, Foto ,255,West,Kuala
,,,HP,, No. ,107, RT ,4, RW ,1,E,108,58,34,96, Pantak , N ,,
WK33, NAM SAN LIUK CIONG ,,P,T," Jl. Tani, Kel. Kuala ",,,,,,N,0,54,51,99, Foto ,230,West,Kuala
,,,HP,, No. ,47, RT ,3, RW ,1,E,108,58,42,19, Pantak , N ,,
WK34, PHAK LIAN SHI KUNG ,,P,T," Jl. Tani, Kel. Kuala ",,,,,,N,0,54,46,39, Foto ,242,West,Kuala
,,,HP,, No. ,116, RT ,3, RW ,1,E,108,58,38,95, Pantak , N ,,
WK35, LI SAN BU CIONG ,,P,T," Jl. Tani, Kel. Kuala ",,,,,,N,0,54,49,0, Foto ,243,West,Kuala
,,,HP,, No. ,60, RT ,2, RW ,1,E,108,58,41,34, Pantak , N ,,
WK36, LIM SAN PAK KUNG ,,P,T," Jl. Tani, Kel. Kuala ",,,,,,N,0,54,42,74, Foto ,260,West,Kuala
,,,HP,, No. ,83, RT ,2, RW ,1,E,108,58,37,40, Pantak , N ,,
WK37, LO FAB SHI KUNG ,,P,T," Jl. Yos Sudarso, Kel. Kuala ",,,,,,N,0,54,56,39, Foto ,244,West,Kuala
,,,HP,, No. ,30, RT ,2, RW ,1,E,108,58,46,40, Pantak , N ,,
WK38, PHAK LIAN SHI KUNG ,,P,T," Jl. Yos Sudarso Gg. Kelapa Mas, Kuala ",,,,,,N,0,55,1,85, Foto ,227,West,Kuala
,,,HP,, No. ,69D, RT ,1, RW ,1,E,108,58,40,51, Pantak , N ,,
WK39, FAB LIN KUNG KUNG ,,P,T," Jl. Yos Sudarso Gg. Kelapa Mas, Kuala ",,,,,,N,0,55,11,26, Foto ,228,West,Kuala
,,,HP,, No. ,, RT ,1, RW ,1,E,108,58,44,70, Pantak , N ,,
WK40, THAI PAK KUNG KUNG ,,P,T," Jl. Yos Sudarso Gg. Kelapa Mas, Kuala ",,,,,,N,0,55,11,47, Foto ,229,West,Kuala
,,,HP,, No. ,, RT ,1, RW ,1,E,108,58,44,92, Pantak , N ,,
