ref_no,id,num_images
1,w1,6
2,w2,6
3,w3,6
4,w4,5
5,w5,7
6,w6,7
11,w7,9
12,w8,9
13,w9,7
15,w10,7
17,w11,6
18,w12,7
19,w13,8
20,w14,9
29,w15,6
31,w16,5
32,w17,5
33,w18,6
34,w19,5
35,w20,7
39,w21,6
40,w22,5
41,w23,5
42,w24,6
46,w25,6
47,w26,5
48,w27,5
,w28,
,w29,
,w30,
,w31,
,w32,
,w33,
,w34,
,w35,
,w36,
,w37,
,w38,
,w39,
,w40,
,w41,
,w42,
,w43,
,w44,
,w45,
,w46,
,w47,
,w48,
,w49,
,w50,
,w51,
,w52,
,w53,
,w54,
,w55,
,w56,
,w57,
,w58,
,w59,
,w60,
,w61,
,w62,
,w63,
,w64,
,w65,
,w66,
,w67,
,w68,
,w69,
,w70,
,w71,
,w72,
,w73,
,w74,
,w75,
,w76,
,w77,
,w78,
,w79,
,w80,
,w81,
,w82,
,w83,
,w84,
,w85,
,w86,
,w87,
,w88,
,w89,
,w90,
,w91,
,w92,
,w93,
,w94,
,w95,
,w96,
,w97,
,w98,
,w99,
,w100,
,w101,
,w102,
,w103,
,w104,
,w105,
,w106,
,w107,
,w108,
,w109,
,w110,
,w111,
,w112,
,w113,
,w114,
,w115,
,w116,
7,s1,13
8,s2,19
9,s3,9
10,s4,8
14,s5,6
23,s6,11
24,s7,6
25,s8,6
26,s9,12
28,s10,5
30,s11,7
36,s12,7
37,s13,7
38,s14,7
43,s15,6
44,s16,6
,s17,
,s18,
,s19,
,s20,
,s21,
,s22,
,s23,
,s24,
,s25,
,s26,
,s27,
,s28,
,s29,
,s30,
,s31,
,s32,
,s33,
,s34,
,s35,
,s36,
,s37,
,s38,
,s39,
,s40,
,s41,
,s42,
,s43,
,s44,
,s45,
,s46,
,s47,
,s48,
,s49,
,s50,
,s51,
,s52,
,s53,
,s54,
,s55,
,s56,
,s57,
,s58,
,s59,
,s60,
,s61,
,s62,
,s63,
,s64,
,s65,
,s66,
,s67,
,s68,
,s69,
,s70,
,s71,
,s72,
,s73,
,s74,
,s75,
,s76,
,s77,
,s78,
,s79,
,s80,
,s81,
,s82,
,s83,
,s84,
,s85,
,s86,
,s87,
,s88,
,s89,
,s90,
,s91,
,s92,
,s93,
16,c1,7
21,c2,6
49,c3,6
50,c4,14
51,c5,7
,c6,
,c7,
,c8,
,c9,
,c10,
,c11,
,c12,
,c13,
,c14,
,c15,
,c16,
,c17,
,c18,
,c19,
,c20,
,c21,
,c22,
,c23,
,c24,
,c25,
,c26,
,c27,
,c28,
,c29,
,c30,
,c31,
,c32,
,c33,
,c34,
,c35,
45,e1,6
52,e2,8
53,e3,5
,e4,
,e5,
,e6,
,e7,
,e8,
,e9,
,e10,
,e11,
,e12,
,e13,
,e14,
,e15,
,e16,
,e17,
,e18,
,e19,
22,n1,7
27,n2,5
,n3,
,n4,
,n5,
,n6,
,n7,
,n8,
,n9,
,n10,
,n11,
,n12,
,n13,
,n14,
,x1,
