name_indo,name_hanzi,name_pinyin,road,gps_lat,gps_lon,address,ref_no,id,num_images,region
VIHARA TRIDHARMA BUMI RAYA,山口洋中央伯公廟,Shan Kou Yang Zhong Yang Bo Gong Miao,PUSAT KOTA SINGKAWANG,0.9095222222222222,108.98900555555555,"Jl. Sejahtera No.1, RT 48/06 Kelurahan Melayu",1,B1,6,Barat (West)
VIHARA TRIDHARMA ADI MOKKHA,華嶽宮/華光帝(華都街),Hua Yue Gong / Huang Guang Di,JL. P. DIPONEGORO,0.9071416666666667,108.98676111111111,"Jl. P. Diponegoro No.1, RT 02/01 Kelurahan Pasiran",2,B2,6,Barat (West)
VIHARA TRIDHARMA KALAMA KWANTI,協天官/關帝(華都街),Xie Tian Gong / Guan Di,JL. P. DIPONEGORO,0.9073611111111112,108.98661666666666,"Jl. P. Diponegoro No.1, RT 02/01 Kelurahan Pasiran",3,B3,6,Barat (West)
CETIYA FA SAN THAI CIONG,華山大将廟(吧西蘭),Hua Shan Da Jiang Miao,JL. P. DIPONEGORO,0.9027138888888889,108.98135833333333,"Jl. P. Diponegoro Gg. Tujuh Belas, RT 56/18 Kelurahan Pasiran",,B4,,Barat (West)
VIHARA DHARMA BUDDHA MAITREYA,彌勒大道慧發佛堂,Mi Le Da Dao Hui Fa Fo Tang,JL. SM. TSJAFIOEDDIN,0.90845,108.98293611111112,"Jl. SM. Tsjafioeddin No.32, RT 14/06 Kelurahan Melayu",,B5,,Barat (West)
CETIYA CHI SAN FAB JAN,慈善法院,Ci Shan Fa Yuan,JL. SM. TSJAFIOEDDIN,0.9085444444444445,108.98266111111111,"Jl. SM. Tsjafioeddin, RT 14/06 Kelurahan Melayu",,B6,,Barat (West)
VIHARA TRI RATNA,三尊雷藏寺(吧西蘭),San Zun Lei Cang Si,JL. P. ANTASARI,0.9046861111111111,108.9816388888889,"Jl. P. Antasari No.77A, Kel. Pasiran",6,B7,7,Barat (West)
CETIYA PIT TET KIUNG,必德宮(吧西蘭),Bi De Gong,JL. P. ANTASARI,0.8997777777777778,108.97373611111111,"Jl. Bukit Barisan, RT 41/15 Kelurahan Pasiran",,B8,,Barat (West)
CETIYA SAM CHIN MIAU,三清廟(吧西蘭),Shan Qing Miao,JL. P. ANTASARI,0.8967722222222222,108.97223333333334,"Jl. Gunung Poteng, RT 35/16 Kelurahan Pasiran",,B9,,Barat (West)
CETIYA 18 LOHON,十八羅漢(華都背),Shi Ba Luo Han (Hua Du Bei),JL. HERMANSYAH,0.9091694444444445,108.98518888888889,"Jl. Hermansyah Gg. Ampera No.33C, RT 30/10 Kelurahan Melayu",,B10,,Barat (West)
VIHARA (BUDDHAYANA) METTA BHAWANA,觀音堂/齋堂(華都背),Guan Yin Tang / Zhai Tang (Hua Du Bei),JL. HERMANSYAH,0.9134416666666667,108.98650833333333,"Jl. Hermansyah No.25, RT 26/07 Kelurahan Melayu",,B11,,Barat (West)
VIHARA PARITTA PANDANA (SIN FO CAI THONG),瑑善宮(新和齋堂),Zhuan Shan Tang (Xin He Zhai Tang),JL. HERMANSYAH,0.9096083333333334,108.98384166666666,"Jl. Dwi Tunggal, RT 33/09 Kelurahan Melayu",,B12,,Barat (West)
VIHARA VIMALA KIRTI,尼西蓮庄休佛堂,Ni Xi Lian Zhuang Xiu Fo Tang,JL. PEMBANGUNAN,0.9144888888888889,108.96913888888889,"Jl. Pembangunan No.17, RT 07/02 Kelurahan Melayu",,B13,,Barat (West)
CETIYA SAK CHI THAN,石慈壇,Shi Ci Tan,JL. PARIT KETAPANG,0.91725,108.98571944444444,"Jl. Parit Ketapang 2, RT 15/03 Kelurahan Melayu",41,B14,5,Barat (West)
VIHARA TRIDHARMA BUMI RAYA THAI PAK KUNG,大伯公(三條港),Da Bo Gong (San Tiao Gang),JL. ALIANYANG,0.8973083333333333,108.97119722222223,"Jl. Alianyang No.46, RT 34/14 Kelurahan Pasiran",13,B15,7,Barat (West)
YAYASAN DHARMA AVALOKITESVARA,守孝公共佛堂,Shou Xiao Gong Gong Fo Tang,Jl. ALIANYANG,0.9110027777777778,108.97638333333333,"Jl. Tani, RT 04/01 Kelurahan Kuala",,B16,,Barat (West)
VIHARA BUDHI MAKMUR,興毅南興佛堂,Xing Yi Nan Xing Fo Tang,Jl. ALIANYANG,0.9063611111111112,108.97760277777778,"Jl. Alianyang No.7C, RT 43/06 Kelurahan Pasiran",,B17,,Barat (West)
VIHARA CUNG NYI THONG,忠義堂,Zhong Yi Tang,Jl. ALIANYANG,0.9123972222222222,108.98194722222222,"Jl. Alianyang Gg. Lestrari, RT 23/08 Kelurahan Melayu",,B18,,Barat (West)
CETIYA SHIN NUNG MIAU / NG KUK JA,神農廟/五谷爷,Shen Nong Miao / Wu Gu Ye,JL. TANI,0.9072222222222223,108.97162777777778,"Jl. Tani, RT 14/03 Kelurahan Pasiran",40,B19,5,Barat (West)
VIHARA MAITREYA BAHTERA SUCI,道岸佛堂,Dao An Fo Tang,JL. TANI,0.914425,108.97988333333333,"Jl. Tani Gg. Restu No.39, RT 02/01 Kelurahan Kuala",,B20,,Barat (West)
CETIYA FA SAN THAI HEU,華山大猴廟,Hua Shan Da Hou Miao,JL. TANI,0.9069333333333334,108.97103055555556,"Jl. Tani 2, RT 14/03 Kelurahan Pasiran",,B21,,Barat (West)
CETIYA THAI PAK KUNG,大伯公廟,Da Bo Gong Miao,JL. TANI,0.8960833333333333,108.96441111111112,"Jl. Tani Gg. Padi, RT 34/15 Kelurahan Pasiran",,B22,,Barat (West)
CETIYA TRIDHARMA DEWI PADI / NG KUK PHO,神農宮/五谷婆,Shen Nong Gong / Wu Gu Po,JL. TANI,0.90215,108.96983888888889,"Jl. Tani Gg. Camar, RT 39/15 Kelurahan Pasiran",,B23,,Barat (West)
CETIYA TRIDHARMA CHI PO KIUNG,慈保公,Ci Bao Gong,JL. TANI,0.9047111111111111,108.96856944444444,"Jl. Tani Gg. Nuri, RT 39/15 Kelurahan Pasiran",,B24,,Barat (West)
CETIYA THIAN SAN KUNG KUNG,天山公公廟,Tian Shan Gong Gong Miao,JL. TANI,0.9112555555555556,108.97391944444445,"Jl. Tani Gg. Cimahi, RT 04/01 Kelurahan Kuala",,B25,,Barat (West)
CETIYA NAM HOI KON JIM NYIONG NYIONG,南海觀音娘娘廟,Nan Hai Guan Yin Niang Niang Miao,JL. TANI,0.9111527777777778,108.97381111111112,"Jl. Tani Gg. Cimahi, RT 04/01 Kelurahan Kuala",,B26,,Barat (West)
CETIYA SI THAI THIAN BONG,四大天王廟,Si Da Tian Wang Miao,JL. TANI,0.9104777777777778,108.976575,"Jl. Tani Gg. Pekong, RT 04/01 Kelurahan Kuala",,B27,,Barat (West)
CETIYA KIM SAN PAK KUNG,金山伯公廟,Jin Shan Bo Gong Miao,JL. TANI,0.9075833333333334,108.97646666666667,"Jl. Tani Gg. Seksama, RT 04/01 Kelurahan Kuala",,B28,,Barat (West)
CETIYA KIM SAN MIAU,金山廟,Jin Shan Miao,JL. KELAPA DUA,0.9130166666666667,108.97314444444444,"Jl. Kelapa Dua, RT 04/01 Kelurahan Kuala",,B29,,Barat (West)
CETIYA FAB SHI MIAU,法師廟,Fa Shi Miao,JL. KELAPA DUA,0.9114694444444444,108.97325000000001,"Jl. Kelapa Dua, RT 13/03 Kelurahan Kuala",,B30,,Barat (West)
VIHARA TUNG SHIN KIUNG / THAI SHIN JA,東聖官/大聖爺(蓮堂路),Dong Sheng Gong (Lian Tang Lu),JL. P. NATUNA,0.9023833333333333,108.98952222222222,"Jl. P. Natuna No.131, RT 15/08 Kelurahan Pasiran",5,B31,7,Barat (West)
VIHARA THO FAB KIUNG,道法官(蓮堂路),Dao Fa Gong (Lian Tang Lu),JL. P. NATUNA,0.9025722222222222,108.99025,"Jl. P. Natuna No.22, RT 14/06 Kelurahan Pasiran",35,B32,7,Barat (West)
VIHARA PAK SAN CHAU KIUNG,伯山朝官(蓮堂路),Bo Shan Chao Gong (Lian Tang Lu),JL. P. NATUNA,0.9029111111111111,108.98929722222222,"Jl. P. Natuna No.16, RT 14/06 Kelurahan Pasiran",,B33,,Barat (West)
CETIYA THAI CI MIAU,太子廟(蓮堂路),Tai Zi Miao (Lian Tang Lu),JL. P. NATUNA,0.9030472222222222,108.98943888888888,"Jl. P. Natuna, RT 14/06 Kelurahan Pasiran",,B34,,Barat (West)
CETIYA CI KO THAI BONG,志高大王壇(蓮堂路),Zhi Gao Da Wang (Lian Tang Lu),JL. P. NATUNA,0.8989527777777777,108.9927,"Jl. P. Natuna Gg. Bambu, RT 17/07 Kelurahan Pasiran",,B35,,Barat (West)
CETIYA TUNG SHIN MIAU,東聖廟(蓮堂路),Dong Sheng Miao (Lian Tang Lu),JL. P. NATUNA,0.9009,108.99210277777777,"Jl. P. Natuna Gg. Samudera, RT 17/07 Kelurahan Pasiran",,B36,,Barat (West)
VIHARA SAM CHIN MIAU / FAB ZHU KUNG,三清廟/法主公(蓮堂路),San Qing Miao / Fa Zhu Gong (Lian Tang Lu),JL. P. NATUNA,0.9018027777777778,108.99178888888889,"Jl. P. Natuna Gg. Sinar No.81, RT 14.06 Kelurahan Pasiran",20,B37,9,Barat (West)
CETIYA KON JIM FUT MU,觀音佛母壇(蓮堂路),Guan Yin Fo Mu Tan (Lian Tang Lu),JL. P. NATUNA,0.9062694444444445,108.99236666666667,"Jl. Pasar Turi, RT 08/04 Kelurahan Pasiran",,B38,,Barat (West)
CETIYA SIAN KIUNG MIAU FAB,仙宮妙法(井斗厰),Xian Gong Miao Fa (Jing Dou Chang),JL. P. NATUNA,0.8973944444444444,108.98883055555555,"Jl. P. Natuna, RT 21/08 Kelurahan Pasiran",,B39,,Barat (West)
CETIYA CONG THIAN SHI,張天師廟(公司山),Zhang Tian Shi Miao (Gong Si Shan),JL. P. NATUNA,0.9000666666666667,108.994775,"Jl. P. Natuna Gg. Sukses, RT 16/06 Kelurahan Pasiran",46,B40,6,Barat (West)
CETIYA FAB SHI MIAU,法師廟(公司山),Fa Shi Miao (Gong Si Shan),JL. P. NATUNA,0.8999111111111111,108.99471944444444,"Jl. P. Natuna Gg. Sukses, RT 16/06 Kelurahan Pasiran",,B41,,Barat (West)
VIHARA METTA KARUNA DHARMA SUCI,法妙壇(公司山),Fa Miao Tan (Gong Si Shan),JL. P. NATUNA,0.9001361111111111,108.99432222222222,"Jl. P. Natuna Gg. Sukses, RT 16/06 Kelurahan Pasiran",,B42,,Barat (West)
CETIYA FO SAN FUT FAB CI KIUN THAN,和善佛法濟君壇(公司山),He Shan Fo Fa Ji Jun Tan (Gong Si Shan),JL. P. NATUNA,0.9002388888888889,108.99613611111111,"Jl. P. Natuna, RT 16/06 Kelurahan Pasiran",47,B43,5,Barat (West)
CETIYA THU THI PAK KUNG,土地伯公壇(公司山),Tu Di Bo Gong Tan (Gong Si Shan),JL. P. NATUNA,0.8959833333333334,108.99388611111111,"Jl. P. Natuna, RT 24/10 Kelurahan Pasiran",,B44,,Barat (West)
VIHARA LIAN THONG SHUI KHEU PAK KUNG,水口伯公廟(芒桔頭),Shui Kou Bo Gong (Mang Jie Tou),KAMPUNG MANGGIS,0.8956611111111111,108.99600555555556,"Jl. P. Natuna, RT 24/10 Kelurahan Pasiran",18,B45,7,Barat (West)
CETIYA NG FU MIAU,五虎廟(芒桔頭),Wu Hu Miao (Mang Jie Tou),KAMPUNG MANGGIS,0.8955722222222222,108.99591666666667,"Jl. P. Natuna, RT 24/10 Kelurahan Pasiran",,B46,,Barat (West)
CETIYA SAM CHIN KIUNG,三清宮(芒桔頭),Shan Qing Gong (Mang Jie Tou),KAMPUNG MANGGIS,0.8948194444444444,108.99553333333334,"Jl. P. Natuna, RT 24/10 Kelurahan Pasiran",19,B47,8,Barat (West)
CETIYA THAI PAK KUNG KUNG,大伯公公廟(義務山),Da Bo Gong Gong Miao (Yi Wu Shan),KAWASAN PEMAKAMAN NYI BU SAN,0.8916444444444445,108.995025,"Jl. P. Natuna, RT 24/10 Kelurahan Pasiran",32,B48,5,Barat (West)
CETIYA MU JAN PAK KONG,墓園伯公庙(義務山),Mu Yuan Bo Gong Miao (Yi Wu Shan),KAWASAN PEMAKAMAN NYI BU SAN,0.8934361111111111,108.9951138888889,"Jl. P. Natuna, RT 24/10 Kelurahan Pasiran",31,B49,5,Barat (West)
VIHARA MU PUN THO THONG,務本道堂(志師壇),Wu Ben Dao Tang (Zhi Shi Tan),JL. BURHANI,0.8901527777777778,108.98850277777778,"Jl. Kridasana Gg. 70 No.32, RT 26/10 Kelurahan Pasiran",,B50,,Barat (West)
CETIYA CHIP TET KIUNG,集德宮(志師壇),Ji De Gong (Zhi Shi Tan),JL. BURHANI,0.890925,108.98969166666667,"Jl. Kridasana Gg. Tujuh Puluh, RT 24/10 Kelurahan Pasiran",,B51,,Barat (West)
CETIYA SAM CHIN KIUNG,三清宮(志師壇),Shan Qing Gong (Zhi Shi Tan),JL. BURHANI,0.8908166666666666,108.9924861111111,"Jl. Kridasana Gg. Tujuh Puluh, RT 24/10 Kelurahan Pasiran",,B52,,Barat (West)
CETIYA THAI PAK KUNG,大伯公廟(志師壇),Da Bo Gong Miao (Zhi Shi Tan),JL. BURHANI,0.8908138888888889,108.99241944444445,"Jl. Kridasana Gg. Tujuh Puluh, RT 24/10 Kelurahan Pasiran",,B53,,Barat (West)
CETIYA LIUK LIUK KONG SEN,六六罡星(志師壇),Liu Liu Gang Xing (Zhi Shi Tan),JL. BURHANI,0.8917361111111111,108.99364166666666,"Jl. Kridasana Gg. Tujuh Puluh, RT 24/10 Kelurahan Pasiran",,B54,,Barat (West)
CETIYA SAM CHIN FAB THAN,三清法壇(志師壇),Shan Qing Fa Tan (Zhi Shi Tan),JL. BURHANI,0.8911722222222221,108.99348055555555,"Jl. Kridasana Gg. Tujuh Puluh, RT 24/10 Kelurahan Pasiran",,B55,,Barat (West)
VIHARA SAK CHI KIUNG,石慈宮(運動場),Shi Ci Gong (Yun Dong Chang),JL. KRIDASANA,0.8870833333333333,108.98347777777778,"Jl. Kridasana Gg. Karya II No.79, RT 28/11 Kelurahan Pasiran",,B56,,Barat (West)
CETIYA FUNG MIAN CIONG KIUN,紅面將軍(運動場),Hong Mian Jiang Jun (Yun Dong Chang),JL. KRIDASANA,0.8935361111111111,108.98638611111112,"Jl. Kridasana Gg. Karya I, RT 52/11 Kelurahan Pasiran",,B57,,Barat (West)
CETIYA FUT SHIN KIUNG,佛神宮(運動場),Fo Shen Gong (Yun Dong Chang),JL. KRIDASANA,0.8936722222222222,108.98672777777777,"Jl. Kridasana Gg. Karya I, RT 52/11 Kelurahan Pasiran",,B58,,Barat (West)
CETIYA FA SAN LI FAB THAN,華山李法壇(運動場),Hua Shan Li Fa Tan (Yun Dong Chang),JL. KRIDASANA,0.8930222222222222,108.98575555555556,"Jl. Kridasana Gg. Karya I, RT 52/11 Kelurahan Pasiran",,B59,,Barat (West)
VIHARA THAI PAK KUNG / BUN BU NYIAN SAI,大伯公廟/文武元帥廟,Da Bo Gong Miao / Wen Wu Yuan Shuai,JL. KRIDASANA,0.8970472222222222,108.98787222222222,"Jl. Kridasana Gg. Setuju, RT 22/09 Kelurahan Pasiran",42,B60,6,Barat (West)
CETIYA FAB SHI THAN,法師壇,Fa Shi Tan,JL. KRIDASANA,0.897025,108.98724722222222,"Jl. Kridasana Gg. Makasar, RT 20/09 Kelurahan Pasiran",,B61,,Barat (West)
VIHARA TRIDHARMA PAK KUNG PAK PHO,大伯公廟(三叉路),Da Bo Gong Miao (San Cha Lu),JL. KRIDASANA,0.8952305555555555,108.9833388888889,"Jl. Pelita Gg. Lembah I No.32, RT 27/11 Kelurahan Pasiran",39,B62,6,Barat (West)
VIHARA DHARMA BUDDHA DHAMMA SAVANA,晋恩佛堂(三叉路),Jin En Fo Tang (San Cha Lu),JL. YOHANA GODANG,0.8985305555555555,108.98449444444445,"Jl. Yohana Godang No.57, RT 48/17 Kelurahan Pasiran",,B63,,Barat (West)
CETIYA LUI THIAN CU SHI,老祖天師廟(三叉路),Lao Zu Tian Shi Miao (San Cha Lu),JL. STASIUN,0.9029583333333333,108.98818333333334,"Jl. Stasiun, RT 04/02 Kelurahan Pasiran",34,B64,5,Barat (West)
VIHARA TRIDHARMA BUMI RAYA,港尾大伯公廟(港尾),Gang Wei Da Bo Gong (Gang Wei),PASAR TURI,0.9052777777777778,108.99294722222223,"Jl. Pasar Turi No.21, RT 12/04 Kelurahan Pasiran",4,B65,5,Barat (West)
CETIYA THAI PAK KUNG KUNG,大伯公公廟(港尾肚),Da Bo Gong Gong Miao (Gang Wei Du),PASAR TURI DALAM,0.9016805555555556,108.996975,"Jl. Pasar Turi Dalam, RT 18/07 Kelurahan Pasiran",,B66,,Barat (West)
CETIYA THAI PAK KUNG / SE PAK KUNG,大伯公壇(小伯公),Da Bo Gong Tan,Jl. SAMA-SAMA,0.9055583333333334,108.99085833333334,"Jl. Sama-sama, RT 09/05 Kelurahan Pasiran",17,B67,6,Barat (West)
CETIYA NYIAN SAI THONG,元帥堂,Yuan Shuai Tang,Jl. SAMA-SAMA 2,0.905,108.99116944444445,"Jl. Sama-sama 2 No.76, RT 09/04 Kelurahan Pasiran",,B68,,Barat (West)
VIHARA TRIDHARMA BUMI RAYA DEWI SAMUDERA,天后宮/天后聖母,Tian Hou Gong / Tian Hou Sheng Mu,JL. SAMAN BUJANG,0.9068666666666667,108.9873638888889,"Jl. Saman Bujang No.29, RT 11/03 Kelurahan Pasiran",12,B69,9,Barat (West)
VIHARA TRIDHARMA BUDI DHARMA,觀音宮,Guan Yin Gong,JL. GM. SITUT,0.9050694444444445,108.98986388888889,"Jl. GM. Situt, RT 07/02 Kelurahan Pasiran",,B70,,Barat (West)
VIHARA HIAN THIAN SONG TI,玄天上帝廟,Xian Tian Shang Di Miao,JL. GM. SITUT,0.9031972222222222,108.98845555555556,"Jl. GM. Situt, RT 04/02 Kelurahan Pasiran",33,B71,6,Barat (West)
VIHARA SHI THIAN FUT CU,西天佛祖廟,Xi Tian Fo Zu Miao,GUNUNG SARI,0.8899138888888889,108.97717222222222,"Jl. Gunung Sari Gg. Puncak sari, RT 30/12 Kelurahan Pasiran",11,B72,9,Barat (West)
CETIYA SAK KU THAI BONG,石古大王壇,Shi Gu Da Wang Tan,GUNUNG SARI,0.8927611111111111,108.97968888888889,"Jl. Gunung Bawang, RT 30/12 Kelurahan Pasiran",,B73,,Barat (West)
CETIYA THAI PAK KUNG KUNG,大伯公壇,Da Bo Gong Tan,GUNUNG SARI,0.886925,108.98122222222223,"Jl. Taman Gunung Sari, RT 28/11 Kelurahan Pasiran",,B74,,Barat (West)
CETIYA KON JIM KIUNG,觀音官(石角),Guan Yin Gong (Shi Jiao),JL. A. YANI / SAKKOK,0.8919388888888888,108.96538333333334,"Jl. A. Yani No.24, RT 33/14 Kelurahan Pasiran",15,B75,7,Barat (West)
CETIYA THAI PAK KUNG,大伯公壇(盧萬新路),Da Bo Gong Tan (Lu Wan Xin Lu),JALAN BARU-ROBAN,0.8922361111111111,109.01253055555556,"Jl. Baru, RT 44/09 Kelurahan Roban",,T1,,Tengah (Central)
VIHARA TRIDHARMA TERATAI,三教堂(盧萬新路),San Jiao Tang (Lu Wan Xin Lu),JALAN BARU-ROBAN,0.8886555555555555,109.00599444444444,"Jl. Gunung Roban / Jl. Baru, RT 57/12 Kelurahan Roban",,T2,,Tengah (Central)
VIHARA PET TI KIUNG / THAI PAK KUNG,北帝宮-大伯公(盧萬新路),Bei Di Gong / Da Bo Gong (Lu Wan Xin Lu),JALAN BARU-ROBAN,0.8905194444444444,109.00267222222222,"Jl. Gunung Roban / Jl. Baru, RT 57/12 Kelurahan Roban",,T3,,Tengah (Central)
VIHARA TRIDHARMA UTAMA / THAI PAK KUNG,大伯公廟(盧萬打麻房),Da Bo Gong Miao (Lu Wan Da Ma Fang),GUDANG TAMA-ROBAN,0.9003,109.012075,"Jl. Gudang Tama No.20, RT 29/08 Kelurahan Roban",,T4,,Tengah (Central)
CETIYA LO CU THIAN SHI,老祖天師壇(盧萬打麻房),Lao Zu Tian Shi Tan (Lu Wan Da Ma Fang),GUDANG TAMA-ROBAN,0.9006916666666667,109.01461111111111,"Jl. Gudang Tama Gg. Bufa, RT 18/03 Kelurahan Roban",,T5,,Tengah (Central)
CETIYA KON JIM KIUNG,觀音官(盧萬),Guan Yin Gong (Lu Wan),ROBAN,0.8904777777777777,109.0159,"Jl. Pahlawan, RT 44/09 Kelurahan Roban",16,T6,7,Tengah (Central)
CETIYA THAI PAK KUNG,大伯公廟(盧萬),Da Bo Gong Miao (Lu Wan),ROBAN,0.8945833333333333,109.0173361111111,"Jl. Pahlawan Gg. Bukit Burung, RT 44/09 Kelurahan Roban",,T7,,Tengah (Central)
CETIYA SI THAI KIM KONG,四大金剛(盧萬),Si Da Jin Gang (Lu Wan),ROBAN,0.8952083333333333,109.01263333333333,"Jl. Pahlawan, RT 26/09 Kelurahan Roban",,T8,,Tengah (Central)
VIHARA SAM CHIN FAB JAN,三清法院(盧萬),San Qing Fa Yuan (Lu Wan),ROBAN,0.8953333333333333,109.01016666666666,"Jl. Pahlawan Gg. Sinar Karya, RT 26/09 Kelurahan Roban",,T9,,Tengah (Central)
CETIYA SHI THIAN FUT CU,西天佛祖壇(盧萬),Xi Tian Fo Zu Tan (Lu Wan),ROBAN,0.8953749999999999,109.01167222222222,"Jl. Pahlawan Gg. Sinar Karya, RT 26/09 Kelurahan Roban",,T10,,Tengah (Central)
VIHARA PANNA / THIAN THAI FO THANG,天泰佛堂(盧萬),Tian Tai Fo Tang (Lu Wan),ROBAN,0.9046805555555556,109.00266388888889,"Jl. KS. Tubun No.28, RT 20/09 Kelurahan Roban",,T11,,Tengah (Central)
CETIYA LIE KHUI KIUNG,李逵宮(盧萬),Li Kui Gong (Lu Wan),ROBAN,0.8996361111111111,109.00238055555556,"Jl. KS. Tubun Gg.AA, RT 53/11 Kelurahan Roban",,T12,,Tengah (Central)
CETIYA KIM SAN PAK KUNG,僅山伯公(盧萬),Jin Shan Bo Gong (Lu Wan),ROBAN,0.89965,109.00106944444444,"Jl. KS. Tubun Gg. Pekong, RT 54/12 Kelurahan Roban",,T13,,Tengah (Central)
CETIYA NYIUK TI / KON JIN MIAU,玉帝/觀音廟(盧萬),Yu Di / Guan Yin Miao (Lu Wan),ROBAN,0.8997222222222222,109.00263055555556,"Jl. KS. Tubun, RT 53/11 Kelurahan Roban",,T14,,Tengah (Central)
VIHARA CIN LI FUT THONG,晉礼佛堂(盧萬),Jin Li Fo Tang (Lu Wan),ROBAN,0.8985388888888889,109.00303055555555,"Jl. KS. Tubun, RT 52/11 Kelurahan Roban",,T15,,Tengah (Central)
CETIYA KUNG KUNG,公公壇(盧萬),Gong Gong Tan (Lu Wan),ROBAN,0.8959138888888889,109.00349722222222,"Jl. KS. Tubun, RT 57/12 Kelurahan Roban",,T16,,Tengah (Central)
VIHARA LO MAO SUI KHEU PAK KUNG,羅卯水口伯公(盧萬),Luo Mao Shui Kou Bo Gong (Lu Wan),ROBAN,0.8943055555555556,109.0035,"Jl. KS. Tubun, RT 57/12 Kelurahan Roban",,T17,,Tengah (Central)
VIHARA BUDDHAYANA MAHA KARUNA (ATAS),玉皇殿/觀音堂/北帝堂(盧萬),Yu Huang Dian / Guan Yin Tang / Bei Di Tang,ROBAN (上齋堂-Shang Zhai Tang),0.8939666666666667,109.00357777777778,"Jl. KS. Tubun, RT 57/12 Kelurahan Roban",50,T18,14,Tengah (Central)
VIHARA BUDDHAYANA MAHA KARUNA (BAWAH),觀音堂(盧萬),Guan Yin Tang (Lu Wan),ROBAN (下齋堂-Xia Zhai Tang),0.8933166666666666,109.00423888888889,"Jl. KS. Tubun, RT 57/12 Kelurahan Roban",51,T19,7,Tengah (Central)
CETIYA KON JIM FUT MU,觀音佛母壇(黄泥路),Guan Yin Fo Mu Tan (Huang Ni Lu),JL. KALIMANTAN,0.9081388888888889,108.996525,"Jl. Kalimantan Gg. Lima, RT 09/03 Kelurahan Roban",,T20,,Tengah (Central)
CETIYA FUT HOI THONG,佛海堂(黄泥路),Fo Hai Tang (Huang Ni Lu),JL. KALIMANTAN,0.9075416666666667,108.99509722222223,"Jl. Kalimantan Gg. P4, RT 08/03 Kelurahan Roban",,T21,,Tengah (Central)
CETIYA SIAM LO FAB THAN,暹邏法壇(黄泥路),Xian Luo Fa Tan (Huang Ni Lu),JL. KALIMANTAN,0.9082666666666667,108.99393888888889,"Jl. Kalimantan Gg. Tiga, RT 33/07 Kelurahan Condong",,T22,,Tengah (Central)
CETIYA THAI PAK KUNG KUNG,大伯公公壇(黄泥路),Da Bo Gong Gong Tan (Huang Ni Lu),JL. KALIMANTAN,0.9074611111111112,108.9931611111111,"Jl. Kalimantan Gg. Tiga, RT 33/07 Kelurahan Condong",48,T23,5,Tengah (Central)
VIHARA JIU TET FUT THONG,有德佛堂(黄泥路),You De Fo Tang (Huang Ni Lu),JL. KALIMANTAN,0.9088916666666667,108.99406111111111,"Jl. Kalimantan, RT 36/07 Kelurahan Condong",,T24,,Tengah (Central)
VIHARA FONG THAI NYIAN SAI / CHOI LAM SHIN,方大元帥廟/菜籃神(黄泥路),Fang Da Yuan Shuai Miao / Cai Lan Shen,JL. KALIMANTAN,0.9093194444444445,108.99305,"Jl. Kalimantan Gg. Satu, RT 32/07 Kelurahan Condong",,T25,,Tengah (Central)
KELENTENG THAI PAK KUNG KUNG,大伯公公廟(黄泥路),Da Bai Gong Gong Miao (Huang Ni Lu),JL. HULU / JL. KALIMANTAN,0.9086000000000001,108.99307222222222,"Jl. Hulu, RT 33/07 Kelurahan Condong",49,T26,6,Tengah (Central)
CETIYA BUN KIUNG FAB,文宮法壇(港尾),Wen Gong Fa Tan (Gang Wei),JL. HULU,0.9083638888888889,108.99261666666666,"Jl. Hulu, RT 32/07 Kelurahan Condong",,T27,,Tengah (Central)
VIHARA GITA TRIRATNA,接善堂/齋堂(港尾),Jie Shan Tang / Zhai Tang (Gang Wei),JL. HULU,0.9080166666666667,108.9931611111111,"Jl. Hulu, RT 33/07 Kelurahan Condong",,T28,,Tengah (Central)
CETIYA CHAU LIU LIN THAN,趙劉靈壇,Zhao Liu Ling Tan,JL. BUDI UTOMO,0.9092416666666667,108.9898,"Jl. Budi Utomo No.8A, RT 23/05 Kelurahan Condong",,T29,,Tengah (Central)
ALTAR KELUARGA TJHIA,謝恊勝祖屋壇,Xie Xie Sheng Zu Wu Tan,KAWASAN TRADISIONAL,0.9103055555555556,108.99024722222222,"Jl. Budi Utomo, RT 23/05 Kelurahan Condong",,T30,,Tengah (Central)
YAYASAN DHARMA SUCI MULIA,五福真君廟,Wu Fu Zhen Jun Miao,JL. PEMUDA,0.9109694444444445,108.99082222222222,"Jl. Pemuda Gg. Tabrani H. Ahmad, RT 22/05 Kelurahan Condong",,T31,,Tengah (Central)
CETIYA CHO FUK KIUNG,坐福宮,Zuo Fu Gong,JL. PEMUDA,0.9105361111111111,108.99098333333333,"Jl. Pemuda Gg. Tabrani H. Ahmad, RT 22/05 Kelurahan Condong",,T32,,Tengah (Central)
CETIYA LIM PAK KUNG,林伯公壇(海望),Lin Bo Gong Tan (Hai Wang),MUARA KUALA,0.920286111111111,108.96606944444444,"Kawasan Terminal Induk, RT 14/05 Kelurahan Sei. Wie",,T33,,Tengah (Central)
VIHARA NAM TEU SEN KIUN,南斗星君廟(頭條港),Nan Dou Xing Jun Miao (Tou Tiao Gang),SEI. WIE,0.9236333333333333,108.98929444444444,"Jl. Tani Gg. Setia Negara, RT 03/01 Kelurahan Sei. Wie",,T34,,Tengah (Central)
CETIYA SAM THAI THIAN BONG,三大天王壇(頭條港),San Da Tian Wang Tan (Tou Tiao Gang),SEI. WIE,0.9225138888888889,108.98978611111112,"Jl. Cempaka, RT 03/01 Kelurahan Sei. Wie",,T35,,Tengah (Central)
CETIYA THAI PAK KUNG KUNG,大伯公公壇(頭條港),Da Bo Gong Gong Tan (Tou Tiao Gang),SEI. WIE,0.926611111111111,108.99138055555555,"Jl. Cempaka, RT 03/01 Kelurahan Sei. Wie",,T36,,Tengah (Central)
VIHARA SAM CHIN MIAU / FAB ZHU KUNG,三清庙/法主公(莲堂路),San Qing Miao / Fa Zhu Gong (Lian Tang Lu),JL. P. NATUNA,0.9018027777777778,108.99178888888889,"Jl. P. Natuna Gg. Sinar No.81, RT 14.06 Kelurahan Pasiran",,T37,,Tengah (Central)
CETIYA KON JIM FUT MU,观音佛母坛(莲堂路),Guan Yin Fo Mu Tan (Lian Tang Lu),JL. P. NATUNA,0.9062694444444445,108.99236666666667,"Jl. Pasar Turi, RT 08/04 Kelurahan Pasiran",,T38,,Tengah (Central)
CETIYA SIAN KIUNG MIAU FAB,仙宮妙法(井斗厂),Xian Gong Miao Fa (Jing Dou Chang),JL. P. NATUNA,0.8973944444444444,108.98883055555555,"Jl. P. Natuna, RT 21/08 Kelurahan Pasiran",,T39,,Tengah (Central)
CETIYA CONG THIAN SHI,張天师庙(公司山),Zhang Tian Shi Miao (Gong Si Shan),JL. P. NATUNA,0.9000666666666667,108.994775,"Jl. P. Natuna Gg. Sukses, RT 16/06 Kelurahan Pasiran",,T40,,Tengah (Central)
CETIYA FAB SHI MIAU,法师庙(公司山),Fa Shi Miao (Gong Si Shan),JL. P. NATUNA,0.8999111111111111,108.99471944444444,"Jl. P. Natuna Gg. Sukses, RT 16/06 Kelurahan Pasiran",,T41,,Tengah (Central)
VIHARA METTA KARUNA DHARMA SUCI,法妙坛(公司山),Fa Miao Tan (Gong Si Shan),JL. P. NATUNA,0.9001361111111111,108.99432222222222,"Jl. P. Natuna Gg. Sukses, RT 16/06 Kelurahan Pasiran",,T42,,Tengah (Central)
CETIYA HO SAN FUT FAB KI KIUN THONG,和善佛法济君坛(公司山),He Shan Fo Fa Ji Jun Tan (Gong Si Shan),JL. P. NATUNA,0.9002388888888889,108.99613611111111,"Jl. P. Natuna, RT 16/06 Kelurahan Pasiran",,T43,,Tengah (Central)
CETIYA THU THI PAK KUNG,土地伯公坛(公司山),Tu Di Bo Gong Tan (Gong Si Shan),JL. P. NATUNA,0.8959833333333334,108.99388611111111,"Jl. P. Natuna, RT 24/10 Kelurahan Pasiran",,T44,,Tengah (Central)
VIHARA LIAN THONG SHUI KHEU PAK KUNG,水口伯公庙(芒桔头),Shui Kou Bo Gong (Mang Jie Tou),KAMPUNG MANGGIS,0.8956611111111111,108.99600555555556,"Jl. P. Natuna, RT 24/10 Kelurahan Pasiran",,T45,,Tengah (Central)
CETIYA NG FU MIAU,五虎庙(芒桔头),Wu Hu Miao (Mang Jie Tou),KAMPUNG MANGGIS,0.8955722222222222,108.99591666666667,"Jl. P. Natuna, RT 24/10 Kelurahan Pasiran",,T46,,Tengah (Central)
CETIYA SAM CHIN KIUNG,三清宮(芒桔头),Shan Qing Gong (Mang Jie Tou),KAMPUNG MANGGIS,0.8948194444444444,108.99553333333334,"Jl. P. Natuna, RT 24/10 Kelurahan Pasiran",,T47,,Tengah (Central)
CETIYA THAI PAK KUNG KUNG,大伯公公庙,Da Bo Gong Gong Miao,KAWASAN PEMAKAMAN NYI BU SAN,0.8916444444444445,108.995025,"Jl. P. Natuna, RT 24/10 Kelurahan Pasiran",,T48,,Tengah (Central)
CETIYA MU JAN PAK KONG,墓园伯公庙,Mu Yuan Bo Gong Miao,KAWASAN PEMAKAMAN NYI BU SAN,0.8934361111111111,108.9951138888889,"Jl. P. Natuna, RT 24/10 Kelurahan Pasiran",,T49,,Tengah (Central)
VIHARA MU PUN THO THONG,务本道堂(志师坛),Mu Ben Dao Tang (Zhi Shi Tan),JL. BURHANI,0.8901527777777778,108.98850277777778,"Jl. Kridasana Gg. 70 No.32, RT 26/10 Kelurahan Pasiran",,T50,,Tengah (Central)
CETIYA CHIP TET KIUNG,集德宮(志师坛),Ji De Gong (Zhi Shi Tan),JL. BURHANI,0.890925,108.98969166666667,"Jl. Kridasana Gg. Tujuh Puluh, RT 24/10 Kelurahan Pasiran",,T51,,Tengah (Central)
CETIYA SAM CHIN KIUNG,三清宮(志师坛),Shan Qing Gong (Zhi Shi Tan),JL. BURHANI,0.8908166666666666,108.9924861111111,"Jl. Kridasana Gg. Tujuh Puluh, RT 24/10 Kelurahan Pasiran",,T52,,Tengah (Central)
CETIYA THAI PAK KUNG,大伯公庙(志师坛),Da Bo Gong Miao (Zhi Shi Tan),JL. BURHANI,0.8908138888888889,108.99241944444445,"Jl. Kridasana Gg. Tujuh Puluh, RT 24/10 Kelurahan Pasiran",,T53,,Tengah (Central)
CETIYA LIUK LIUK KONG SEN,六六罡星(志师坛),Liu Liu Gang Xing (Zhi Shi Tan),JL. BURHANI,0.8917361111111111,108.99364166666666,"Jl. Kridasana Gg. Tujuh Puluh, RT 24/10 Kelurahan Pasiran",,T54,,Tengah (Central)
CETIYA SAM CHIN FAB THAN,三清法坛(志师坛),Shan Qing Fa Tan (Zhi Shi Tan),JL. BURHANI,0.8911722222222221,108.99348055555555,"Jl. Kridasana Gg. Tujuh Puluh, RT 24/10 Kelurahan Pasiran",,T55,,Tengah (Central)
VIHARA SAK CHI KIUNG,石慈官(运动场),Shi Ci Gong (Yun Dong Chang),JL. KRIDASANA,0.8870833333333333,108.98347777777778,"Jl. Kridasana Gg. Karya II No.79, RT 28/11 Kelurahan Pasiran",,T56,,Tengah (Central)
CETIYA FUNG MIAN CIONG KIUN,紅面將军(运动场),Hong Mian Jiang Jun (Yun Dong Chang),JL. KRIDASANA,0.8935361111111111,108.98638611111112,"Jl. Kridasana Gg. Karya I, RT 52/11 Kelurahan Pasiran",,T57,,Tengah (Central)
CETIYA FUT SHIN KIUNG,佛神宮(运动场),Fo Shen Gong (Yun Dong Chang),JL. KRIDASANA,0.8936722222222222,108.98672777777777,"Jl. Kridasana Gg. Karya I, RT 52/11 Kelurahan Pasiran",,T58,,Tengah (Central)
CETIYA FA SAN LI FAB THAN,华山李法坛(运动场),Hua Shan Li Fa Tan (Yun Dong Chang),JL. KRIDASANA,0.8930222222222222,108.98575555555556,"Jl. Kridasana Gg. Karya I, RT 52/11 Kelurahan Pasiran",,T59,,Tengah (Central)
VIHARA THAI PAK KUNG / BUN BU NYIAN SAI,大伯公庙/文武元帅庙,Da Bo Gong Miao / Wen Wu Yuan Shuai,JL. KRIDASANA,0.8970472222222222,108.98787222222222,"Jl. Kridasana Gg. Setuju, RT 22/09 Kelurahan Pasiran",,T60,,Tengah (Central)
CETIYA FAB SHI THAN,法师坛,Fa Shi Tan,JL. KRIDASANA,0.897025,108.98724722222222,"Jl. Kridasana Gg. Makasar, RT 20/09 Kelurahan Pasiran",,T61,,Tengah (Central)
VIHARA TRIDHARMA PAK KUNG PAK PHO,大伯公庙(三叉路),Da Bo Gong Miao (San Cha Lu),JL. KRIDASANA,0.8952305555555555,108.9833388888889,"Jl. Pelita Gg. Lembah I No.32, RT 27/11 Kelurahan Pasiran",,T62,,Tengah (Central)
VIHARA DHARMA BUDDHA DHAMMA SAVANA,晋恩佛堂(三叉路),Jin En Fo Tang (San Cha Lu),JL. YOHANA GODANG,0.8985305555555555,108.98449444444445,"Jl. Yohana Godang No.57, RT 48/17 Kelurahan Pasiran",,T63,,Tengah (Central)
CETIYA LUI THIAN CU SHI,雷天祖师庙(三叉路),Lei Thian Zu Shi Miao (San Cha Lu),JL. STASIUN,0.9029583333333333,108.98818333333334,"Jl. Stasiun, RT 04/02 Kelurahan Pasiran",,T64,,Tengah (Central)
VIHARA TRIDHARMA BUMI RAYA,港尾大伯公庙(港尾),Gang Wei Da Bo Gong (Gang Wei),PASAR TURI,0.9052777777777778,108.99294722222223,"Jl. Pasar Turi No.21, RT 12/04 Kelurahan Pasiran",,T65,,Tengah (Central)
CETIYA THAI PAK KUNG KUNG,大伯公公庙(港尾肚),Da Bo Gong Gong Miao (Gang Wei Du),PASAR TURI DALAM,0.9016805555555556,108.996975,"Jl. Pasar Turi Dalam, RT 18/07 Kelurahan Pasiran",,T66,,Tengah (Central)
CETIYA THAI PAK KUNG,大伯公坛,Da Bo Gong Tan,Jl. SAMA-SAMA,0.9055583333333334,108.99085833333334,"Jl. Sama-sama, RT 09/05 Kelurahan Pasiran",,T67,,Tengah (Central)
CETIYA NYIAN SAI THONG,元帅堂,Yuan Shuai Tang,Jl. SAMA-SAMA 2,0.905,108.99116944444445,"Jl. Sama-sama 2 No.76, RT 09/04 Kelurahan Pasiran",,T68,,Tengah (Central)
VIHARA TRIDHARMA BUMI RAYA DEWI SAMUDERA,天后宫/天后圣母,Tian Hou Gong / Tian Hou Sheng Mu,JL. SAMAN BUJANG,0.9068666666666667,108.9873638888889,"Jl. Saman Bujang No.29, RT 11/03 Kelurahan Pasiran",,T69,,Tengah (Central)
VIHARA TRIDHARMA BUDI DHARMA,观音官,Guan Yin Gong,JL. GM. SITUT,0.9050694444444445,108.98986388888889,"Jl. GM. Situt, RT 07/02 Kelurahan Pasiran",,T70,,Tengah (Central)
VIHARA HIAN THIAN SONG TI,玄天上帝庙,Xian Tian Shang Di Miao,JL. GM. SITUT,0.9031972222222222,108.98845555555556,"Jl. GM. Situt, RT 04/02 Kelurahan Pasiran",,T71,,Tengah (Central)
VIHARA SHI THIAN FUT CU,西天佛祖庙,Xi Tian Fo Zu Miao,GUNUNG SARI,0.8899138888888889,108.97717222222222,"Jl. Gunung Sari Gg. Puncak sari, RT 30/12 Kelurahan Pasiran",,T72,,Tengah (Central)
CETIYA SAK KU THAI BONG,石古大王坛,Shi Gu Da Wang Tan,GUNUNG SARI,0.8927611111111111,108.97968888888889,"Jl. Gunung Bawang, RT 30/12 Kelurahan Pasiran",,T73,,Tengah (Central)
CETIYA THAI PAK KUNG KUNG,大伯公坛,Da Bo Gong Tan,GUNUNG SARI,0.886925,108.98122222222223,"Jl. Taman Gunung Sari, RT 28/11 Kelurahan Pasiran",,T74,,Tengah (Central)
CETIYA KON JIM KIUNG,观音官(石角),Guan Yin Gong (Shi Jiao),JL. A. YANI / SAKKOK,0.8919388888888888,108.96538333333334,"Jl. A. Yani No.24, RT 33/14 Kelurahan Pasiran",,T75,,Tengah (Central)
CETIYA FAB SHI KUNG KUNG,法師公公壇(長沙吧),Fa Shi Gong Gong Tan (Zhang Sha Ba),PASIR PANJANG,0.8502777777777778,108.88694444444445,"Jl. Pasir Panjang Pak Lotay, RT 64/10 Kelurahan Sedau",,S1,,Selatan (South)
CETIYA FUK SHIN BONG KIUNG,福聖王宮(锅麻港),Fu Sheng Wang Gong (Guo Ma Gang),BOKMAKONG - PASIR PANJANG,0.8352777777777778,108.89777777777779,"Jl. Raya Pasir Panjang (Bokmakong), RT 65/10 Kelurahan Sedau",,S2,,Selatan (South)
VIHARA SHIN TET KIUNG,聖德宮(禮朗),Sheng De Gong (Li Lang),GUNUNG BESI - LIRANG,0.8402777777777778,108.91527777777779,"Jl. Lirang Proyek, RT 49/08 Kelurahan Sedau",,S3,,Selatan (South)
VIHARA DHARMA BUDDHA MAITREYA,彌勒大道仁中佛堂(禮朗),Mi Le Da Dao Ren Zhong Fo Tang (Li Lang),GUNUNG BESI - LIRANG,0.8380555555555556,108.91722222222222,"Jl. Lirang Proyek, RT 50/08 Kelurahan Sedau",,S4,,Selatan (South)
VIHARA FUK BONG KIUNG,福王宮(禮朗),Fu Wang Gong (Li Lang),GUNUNG BESI - LIRANG,0.7702777777777778,108.905,"Jl. Lirang Proyek, RT 53/08 Kelurahan Sedau",,S5,,Selatan (South)
VIHARA FUT FAB KIUNG,佛法宮(禮朗),Fo Fa Gong (Li Lang),GUNUNG BESI - LIRANG,0.8400000000000001,108.91805555555555,"Jl. Pendidikan (Lirang Proyek), RT 50/08 Kelurahan Sedau",,S6,,Selatan (South)
VIHARA FAB CHIN MIAU,法清廟(礼朗),Fa Qing Miao (Li Lang),GUNUNG BESI (LIRANG),0.8477777777777779,108.91972222222223,"Jl. Gunung Besi Raya, RT 48/08 Kelurahan Sedau",,S7,,Selatan (South)
VIHARA FUK TET KIUNG / KON THIAN PAK KUNG,福德宮/官田伯公(禮朗),Fu De Gong / Guan Tian Bo Gong (Li Lang),GUNUNG BESI - LIRANG,0.8530555555555556,108.9238888888889,"Jl. Telkom Gunung Besi, RT 47/08 Kelurahan Sedau",38,S8,7,Selatan (South)
CETIYA SAK CIONG KIUN,石将宮(禮朗),Shi Jiang Gong (Li Lang),GUNUNG BESI - LIRANG,0.8497222222222223,108.92361111111111,"Jl. Telkom Gunung Besi, RT 47/08 Kelurahan Sedau",,S9,,Selatan (South)
VIHARA HONG DE,宏德佛堂(禮朗),Hong De Fo Tang (Li Lang),GUNUNG BESI - LIRANG,0.8533333333333333,108.92611111111111,"Jl. Sejahtera No.55, RT 46/08 Kelurahan Sedau",,S10,,Selatan (South)
CETIYA THO FAB SIU LIN,道法授靈壇(亜答港),Dao Fa Shou Ling Tan (Ya Da Gang),SEDAU,0.861111111111111,108.90444444444445,"Jl. Malindo Teluk Karang Gg. PDAM, RT 39/07 Kelurahan Sedau",,S11,,Selatan (South)
CETIYA LIN SAN KIUNG THONG,靈山宮堂(亜答港),Ling Shan Gong Tang (Ya Da Gang),SEDAU,0.86,108.9038888888889,"Jl. Malindo Teluk Karang Gg. PDAM, RT 39/07 Kelurahan Sedau",,S12,,Selatan (South)
VIHARA PET TI KIUNG,北帝宮(亜答港),Bei Di Gong (Ya Da Gang),SEDAU,0.8641666666666666,108.92694444444444,"Jl. Malindo Teluk Karang, RT 40/07 Kelurahan Sedau",36,S13,7,Selatan (South)
VIHARA SAM CHIN FAB JAN,三清法院(亜答港),San Qing Fa Yuan (Ya Da Gang),SEDAU,0.8694444444444445,108.92611111111111,"Jl. Malindo Teluk Karang No.01, RT 41/07 Kelurahan Sedau",37,S14,7,Selatan (South)
VIHARA KON JIM MIAU,觀音廟(亜答港),Guan Yin Miao (Ya Da Gang),SEDAU,0.8569444444444444,108.91777777777779,"Jl. Malindo Teluk Karang (Dalam), RT 40/07 Kelurahan Sedau",,S15,,Selatan (South)
VIHARA TRIDHARMA BUMI RAYA,大伯公廟(亜答港),Da Bo Gong Miao (Ya Da Gang),SEDAU,0.8658333333333333,108.92861111111111,"Jl. Raya Pasar Sedau, RT 36/06 Kelurahan Sedau",26,S16,12,Selatan (South)
VIHARA SAM SHIN KIUNG,三聖宮(亜答港),San Sheng Gong (Ya Da Gang),SEDAU,0.8652777777777777,108.92888888888889,"Jl. Raya Pasar Sedau, RT 36/06 Kelurahan Sedau",25,S17,6,Selatan (South)
VIHARA TRIDHARMA BUMI RAYA,石狮大伯公廟(鹽町),Shi Shi Da Bo Gong Miao (Yan Ting),JALAN RAYA SEDAU,0.8702777777777778,108.93611111111112,"Jl. Raya Sedau, RT 30/06 Kelurahan Sedau",10,S18,8,Selatan (South)
VIHARA THAI PAK KUNG KUNG,大伯公公(鹽町),Da Bo Gong Gong (Yan Ting),KALIASIN LUAR,0.8711111111111112,108.94250000000001,"Jl. Pasar Kaliasin, RT 23/04 Kelurahan Sedau",,S19,,Selatan (South)
VIHARA KON TI KIUNG,關帝宮(鹽町),Guan Di Gong (Yan Ting),KALIASIN,0.8708333333333333,108.94166666666668,"Jl. Kaliasin Dalam, RT 29/05 Kelurahan Sedau",,S20,,Selatan (South)
CETIYA CHIANG FA THAI CI MIAU,青华太子廟(鹽町肚),Qing Hua Tai Zi Miao (Yan Ting Du),KALIASIN DALAM,0.86,108.94333333333334,"Jl. Kaliasin Dalam Gg. Naca, RT 02/01 Kelurahan Sedau",,S21,,Selatan (South)
VIHARA THAI PAK KUNG,大伯公廟(鹽町肚),Da Bo Gong Miao (Yan Ting Du),KALIASIN DALAM,0.861111111111111,108.94472222222223,"Jl. Kaliasin Dalam, RT 25/05 Kelurahan Sedau",,S22,,Selatan (South)
VIHARA NACA HANG KIUNG (THAI CI SAN),哪吒行宮(鹽町肚-太子山),Na Zha Hang Gong (Yan Ting Du-Tai Zi Shan),KALIASIN DALAM,0.8622222222222222,108.94916666666667,"Jl. Kaliasin Dalam Gg. Kelenteng Naca, RT 26/05 Kelurahan Sedau",,S23,,Selatan (South)
CETIYA SAM KON MIAU,三官廟(鹽町肚),San Guan Miao (Yan Ting Du),KALIASIN DALAM,0.855,108.95444444444445,"Jl. Kaliasin Dalam Gg. Durian, RT 26/05 Kelurahan Sedau",,S24,,Selatan (South)
VIHARA THIAN LIN FAB KIUNG,天靈法宮(鹽町肚),Tian Ling Fa Gong (Yan Ting Du),(JONG THAI PAK KUNG) KALIASIN DALAM,0.8577777777777778,108.94777777777779,"Jl. Kaliasin Dalam, RT 26/05 Kelurahan Sedau",,S25,,Selatan (South)
VIHARA SI FONG PAK KUNG,西方伯公廟(鹽町肚),Xi Fang Bo Gong Miao (Yan Ting Du),KALIASIN DALAM,0.8572222222222222,108.94777777777779,"Jl. Kaliasin Dalam, RT 26/05 Kelurahan Sedau",,S26,,Selatan (South)
VIHARA FUK NUNG KIUNG / SUI KHEU PAK KUNG,福農宮/水口伯公(鹽町肚),Fu Nong Gong / Shui Kou Bo Gong (Yan Ting Du),KALIASIN DALAM,0.855,108.94611111111111,"Jl. Kaliasin Dalam, RT 27/05 Kelurahan Sedau",,S27,,Selatan (South)
CETIYA FAB MIN KIUNG,法民宮(鹽町肚),Fa Min Gong (Yan Ting Du),KALIASIN DALAM,0.8533333333333333,108.94583333333334,"Jl. Kaliasin Dalam, RT 27/05 Kelurahan Sedau",,S28,,Selatan (South)
VIHARA KON JIM MIAU,觀音廟(鹽町肚),Guan Yin Miao (Yan Ting Du),KALIASIN DALAM,0.8477777777777779,108.9575,"Jl. Kaliasin Dalam Gg. Sip Si Sha Thon, RT 27/05 Kelurahan Sedau",,S29,,Selatan (South)
CETIYA SAM CHIN KIUNG,三清宮(鹽町肚),San Qing Gong (Yan Ting Du),KALIASIN DALAM,0.8480555555555556,108.94500000000001,"Jl. Kaliasin Dalam Gg. Cetya, RT 28/05 Kelurahan Sedau",,S30,,Selatan (South)
CETIYA FUK HIN THONG,福興堂(鹽町肚),Fu Xing Tang (Yan Ting Du),KALIASIN DALAM,0.8416666666666667,108.95166666666667,"Jl. Kaliasin Dalam, RT 29/05 Kelurahan Sedau",,S31,,Selatan (South)
CETIYA HIAN BONG MIAU,玄黄廟(鹽町肚-港尾),Xian Huang Miao (Yan Ting Du-Gang Wei),KONGMUI - KALIASIN DALAM,0.8377777777777778,108.95333333333333,"Jl. Kong Mui Kaliasin Dalam Gg. CHJ, RT 29/05 Kelurahan Sedau",,S32,,Selatan (South)
CETIYA KHIAN NYIAN KIUNG,乾元宮(鹽町肚-港尾),Qian Yuan Gong (Yan Ting Du-Gang Wei),KONGMUI - KALIASIN DALAM,0.8327777777777777,108.95055555555555,"Jl. Kong Mui Kaliasin Dalam, RT 29/05 Kelurahan Sedau",,S33,,Selatan (South)
VIHARA KON TI KIUNG,關帝宮(鹽町肚-港尾),Guan Di Gong (Yan Ting Du-Gang Wei),KONGMUI - KALIASIN DALAM,0.8280555555555555,108.94805555555556,"Jl. Kong Mui Kaliasin Dalam, RT 29/05 Kelurahan Sedau",,S34,,Selatan (South)
CETIYA TRIDHARMA BUMI RAYA KONG MUI,福德宮/大伯公(鹽町肚-港尾),Fu De Gong / Da Bo Gong (Yan Ting Du-Gang Wei),KONGMUI - KALIASIN DALAM,0.8211111111111111,108.94055555555556,"Jl. Kong Mui Kaliasin Dalam, RT 29/05 Kelurahan Sedau",,S35,,Selatan (South)
CETIYA FUK TET KIUNG,福德宮(茅屋肚),Fu De Gong (Mao Wu Du),PADANG PASIR (MIONG BUK TU),0.8702777777777778,108.95222222222222,"Jl. Budi Agung (Saliung) Kelurahan Sedau, Pemakaman Abadi Miong Buk Tu",,S36,,Selatan (South)
CETIYA THAI PAK KUNG KUNG,大伯公壇(茅屋肚),Da Bo Gong Tan (Mao Wu Du),PADANG PASIR (MIONG BUK TU),0.8694444444444445,108.95027777777779,"Jl. Budi Agung (Saliung) Gg. Ciu Long, RT 18/04 Kelurahan Sedau",,S37,,Selatan (South)
CETIYA PO ON THAN,保安壇(茅屋肚),Bao An Tan (Mao Wu Du),PADANG PASIR (MIONG BUK TU),0.8736111111111111,108.95027777777779,"Jl. Budi Agung (Saliung), RT 18/04 Kelurahan Sedau",,S38,,Selatan (South)
CETIYA PO SAN LO MU,寳山老母壇(茅屋肚),Bao Shan Lao Mu Tan (Mao Wu Du),PADANG PASIR (MIONG BUK TU),0.8686111111111111,108.95222222222222,"Jl. Budi Agung (Saliung), RT 18/04 Kelurahan Sedau",,S39,,Selatan (South)
VIHARA THIAN HEU KIUNG / CHIAP THIAN KIUNG,天后宮/協天宮(沙壟),Tian Hou Gong / Xie Tian Gong (Sha Long),PADANG PASIR (SALIUNG),0.8775000000000001,108.94972222222222,"Jl. Raya Padang Pasir (Saliung), RT 17/04 Kelurahan Sedau",,S40,,Selatan (South)
VIHARA TRIDHARMA SETYA BUMI RAYA,大伯公公廟(沙壟),Da Bo Gong Gong Miao (Sha Long),PADANG PASIR (SALIUNG),0.8783333333333334,108.95083333333334,"Jl. Raya Padang Pasir (Saliung), RT 17/04 Kelurahan Sedau",,S41,,Selatan (South)
VIHARA KHIAN TET KIUNG,乾德宮(沙壟),Qian De Gong (Sha Long),PADANG PASIR (SALIUNG),0.8883333333333333,108.95944444444444,"Jl. Raya Padang Pasir (Saliung), RT 08/02 Kelurahan Sedau",,S42,,Selatan (South)
VIHARA THAI PAK KUNG,大伯公廟(沙壟),Da Bo Gong Miao (Sha Long_,PADANG PASIR (SALIUNG),0.8844444444444444,108.95583333333333,"Jl. Raya Padang Pasir (Saliung), RT 10/02 Kelurahan Sedau",,S43,,Selatan (South)
CETIYA THI CU PAK KUNG,地主公壇(沙壟-監獄),Di Zhu Bo Gong Tan (Sha Long-Jian Yu),(LEMBAGA PEMASYARAKATAN),0.8833333333333333,108.95666666666666,"Jl. Raya Padang Pasir (Saliung), RT 10/02 Kelurahan Sedau",,S44,,Selatan (South)
VIHARA DHARMA BUDDHA MAITREYA,彌勒大道仁中佛堂(沙壟),Mi Le Da Dao Ren Zhong Fo Tang (Sha Long),PADANG PASIR (SALIUNG),0.8844444444444444,108.95444444444445,"Jl. Raya Padang Pasir (Saliung), RT 10/02 Kelurahan Sedau",,S45,,Selatan (South)
VIHARA THI CU KUNG (KIM LIUNG PAK KUNG),地主公廟/金龍伯公(沙壟),Di Zhu Gong Miao / Jin Long Bo Bong (Sha Long),PADANG PASIR (SALIUNG),0.8805555555555555,108.95444444444445,"Jl. Laksitarda (Saliung), RT 16/04 Kelurahan Sedau",,S46,,Selatan (South)
VIHARA FA NGOK KIUNG,華嶽宮(沙壟),Hue Yue Gong (Sha Long),PADANG PASIR (SALIUNG),0.8775000000000001,108.95611111111111,"Jl. Laksitarda (Saliung), RT 16/04 Kelurahan Sedau",,S47,,Selatan (South)
VIHARA CAKRAWALA DHARMA SINGKAWANG,誠德佛堂(沙壟),Cheng De Fo Tang (Sha Long),PADANG PASIR (SALIUNG),0.8816666666666667,108.95416666666667,"Jl. Latsitarda (Saliung), RT 16/04 Kelurahan Sedau",,S48,,Selatan (South)
VIHARA KHOI SAN THI CU PAK KUNG,開山地主大伯公廟(高杯山),Kai Shan Di Zhu Da Bo Gong Miao (Gao Bei Shan),KOPISAN,0.8672222222222222,108.96305555555556,"Jl. Tanjung Batu Dalam, RT 14/03 Kelurahan Sedau",,S49,,Selatan (South)
CETIYA FAB THO CIN NYIN,法道真人壇(高杯山),Fa Dao Zhen Ren Tan (Gao Bei Shan),KOPISAN,0.8669444444444445,108.9625,"Jl. Tanjung Batu Dalam, RT 14/03 Kelurahan Sedau",,S50,,Selatan (South)
CETIYA KIU THIAN HIAN NG CUN SHIN,九天玄女尊神壇(高杯山),Jiu Tian Xian Nu Zun Shen Tan (Gao Bei Shan),KOPISAN,0.8627777777777778,108.96833333333333,"Jl. Tanjung Batu Dalam (Kopisan), RT 15/03 Kelurahan Sedau",,S51,,Selatan (South)
CETIYA JIN FUK KUI THONG,引福歸堂(高杯山),Yin Fu Gui Tang (Gao Bei Shan),KOPISAN,0.8627777777777778,108.97,"Jl. Tanjung Batu Dalam (Kopisan) Gg. Bugis, RT 15/03 Kelurahan Sedau",,S52,,Selatan (South)
VIHARA BUMI RAYA THAI PAK KUNG,大伯公廟(高杯山),Da Bo Gong Miao (Gao Bei Shan),KOPISAN,0.8730555555555556,108.96611111111112,"Jl. Tanjung Batu Dalam, RT 11/03 Kelurahan Sedau",,S53,,Selatan (South)
VIHARA CUNG NGO THONG,忠峩堂(高杯山),Zhong E Tang (Gao Bei Shan),KOPISAN,0.8738888888888889,108.96583333333334,"Jl. Tanjung Batu Dalam (Kopisan), RT 11/03 Kelurahan Sedau",,S54,,Selatan (South)
CETIYA THAI PAK KUNG KUNG,大伯公公壇(高杯山),Da Bo Gong Gong Tan (Gao Bei Shan),KOPISAN,0.8766666666666667,108.97444444444444,"Jl. Suka Ramai (Kopisan), RT 12/03 Kelurahan Sedau",,S55,,Selatan (South)
CETIYA KHOI SAN THI CU PAK KUNG,開山地主大伯公壇(高杯山),Kai Shan Di Zhu Da Bo Gong Miao (Gao Bei Shan),KOPISAN,0.8727777777777778,108.96916666666667,"Jl. Suka Maju (Kopisan), RT 12/03 Kelurahan Sedau",,S56,,Selatan (South)
VIHARA FAB LIN KIUNG,法靈宮(高杯山),Fa Ling Gong (Gao Bei Shan),KOPISAN,0.8830555555555556,108.96472222222222,"Jl. Tanjung Batu Dalam (Kopisan), RT 04/01 Kelurahan Sedau",,S57,,Selatan (South)
CETIYA LU SAN PAK KUNG,廬山廟(高杯山),Lu Shan Miao (Gao Bei Shan),KOPISAN,0.885,108.9588888888889,"Jl. Sosial Gg. Sosial 4, RT 03/01 Kelurahan Sedau",,S58,,Selatan (South)
CETIYA FA NGOK KIUNG,華嶽宮(高杯山),Hua Yue Gong (Gao Bei Shan),KOPISAN,0.8833333333333333,108.96027777777778,"Jl. Sosial Gg. Sosial 4, RT 03/01 Kelurahan Sedau",,S59,,Selatan (South)
VIHARA KUANG YAO FO DANG,廣耀佛堂(高杯山),Guang Yao Fo Tang (Gao Bei Shan),KOPISAN,0.8861111111111111,108.96055555555556,"Jl. Sosial Gg. Sosial 4, RT 03/01 Kelurahan Sedau",,S60,,Selatan (South)
VIHARA CHIANG SAN MIAU,青山廟(高杯山),Qing Shan Miao (Gao Bei Shan),KOPISAN,0.8858333333333333,108.95972222222223,"Jl. Sosial Gg. Sosial 3, RT 03/01 Kelurahan Sedau",,S61,,Selatan (South)
VIHARA FAB SHI KUNG KUNG,法師公公廟(高杯山),Fa Shi Gong Gong Miao (Gao Bei Shan),KOPISAN,0.8877777777777778,108.96083333333334,"Jl. Sosial (Karang Intan), RT 03/01 Kelurahan Sedau",,S62,,Selatan (South)
VIHARA THAI JIM THAI JONG SEN KIUN,日月宮/太陰太陽星軍 (石角),Tai Yin Tai Yang Xing Jun / Ri Yue Gong (Shi Jiao),TANJUNG BATU (SAKKOK),0.8891666666666667,108.96166666666667,"Jl. Karang Intan Gg. Kopisan, RT 07/02 Kelurahan Sedau",14,S63,6,Selatan (South)
VIHARA SUI KHEU PAK KUNG,水口伯公廟(石角),Shui Kou Bo Gong Miao (Shi Jiao),TANJUNG BATU (SAKKOK),0.8911111111111111,108.96111111111111,"Jl. Raya Tanjung Batu Gg. Sejati, RT 07/02 Kelurahan Sedau",,S64,,Selatan (South)
VIHARA THAI CU SHIN TI,太祖聖帝宮(石角),Tai Zu Sheng Di Gong (Shi Jiao),TANJUNG BATU (SAKKOK),0.8908333333333333,108.96333333333334,"Jl. Raya Tanjung Batu Gg. Daya, RT 01/01 Kelurahan Sedau",23,S65,11,Selatan (South)
VIHARA SAM THIAN THAI CI,三天太子廟(石角),San Tian Tai Zi Miao (Shi Jiao),TANJUNG BATU (SAKKOK),0.8908333333333333,108.96305555555556,"Jl. Raya Tanjung Batu Gg. Daya, RT 01/01 Kelurahan Sedau",24,S66,6,Selatan (South)
VIHARA TRIDHARMA BUMI RAYA,大伯公廟(石角),Da Bo Gong Miao (Shi Jiao),TANJUNG BATU (SAKKOK),0.8916666666666666,108.96305555555556,"Jl. Tanjung Batu Harapan, RT 04/01 Kelurahan Sedau",,S67,,Selatan (South)
VIHARA SURGA NERAKA / SAN THONG,恕德堂(三吧叻-霸狮山),Shu De Tang (San Ba Le-Ba Shi Shan),SEMPALIT-GUNUNG PASI,0.8397222222222223,108.98805555555556,"Jl. Sagatani Simajat Gg. Pasqua, RT 23/05 Kelurahan Sijangkung",7,S68,13,Selatan (South)
CETIYA FA SAN KIUNG,華山宮(三吧叻-霸狮山),Hua Shan Gong (San Ba Le-Ba Shi Shan),SEMPALIT-GUNUNG PASI,0.8333333333333334,108.98833333333333,"Jl. Sagatani Simajat Gg. Pasqua, RT 23/05 Kelurahan Sijangkung",,S69,,Selatan (South)
VIHARA CAU TET FUT THONG,昭德佛堂(三吧叻),Zhao De Fo Tang (San Ba Le),SEMPALIT,0.8333333333333334,108.98138888888889,"Jl. Sagatani Simajat Gg. Pasqua, RT 23/05 Kelurahan Sijangkung",,S70,,Selatan (South)
VIHARA FUK TET FA NGOK KIUNG,福德华岳宮(三吧叻),Fu De Hua Yue Gong (San Ba Le),SEMPALIT,0.8333333333333334,108.98138888888889,"Jl. Sagatani Simajat, RT 23/05 Kelurahan Sijangkung",,S71,,Selatan (South)
VIHARA SHUI KHEU PAK KUNG,水口伯公廟(三吧叻),Shui Kou Bo Gong Miao (San Ba Le),SEMPALIT,0.8352777777777778,108.97888888888889,"Jl. Sagatani Simajat, RT 22/05 Kelurahan Sijangkung",,S72,,Selatan (South)
CETIYA LIN SAN NG FUK THAN,靈山五福壇(巴古喃),Ling Shan Wu Fu Tan (Ba Gu Nan),PAKUNAM,0.8475,108.97444444444444,"Jl. Bougenville, RT 21/04 Kelurahan Sijangkung",,S73,,Selatan (South)
VIHARA HIAN THIAN KIUNG,玄天宮(巴古喃),Xian Tian Gong (Ba Gu Nan),PAKUNAM,0.8513888888888889,108.97333333333333,"Jl. Sagatani Pakunam Gg. Pepaya, RT 19/04 Kelurahan Sijangkung",,S74,,Selatan (South)
VIHARA SAK BONG MIAU / SAK KU THAI BONG,石王廟/石古大王(巴古喃),Shi Wang Miao / Shi Gu Da Wang (Ba Gu Nan),PAKUNAM,0.8583333333333333,108.98472222222222,"Jl. Raya Sagatani, Pakunam, RT 10/02 Kelurahan Sijangkung",9,S75,9,Selatan (South)
CETIYA NYI BU SIAN SHI,二武仙師壇(新喃),Er Wu Xian Shi Tan (Xin Nan),SINNAM,0.8627777777777778,108.98805555555556,"Jl. Raya Sagatani Gg. Teratai Baru, Sinnam, RT 10/02 Kelurahan Sijangkung",,S76,,Selatan (South)
CETIYA SAK BONG CHIAN SOI,石王千歲壇(新喃),Shi Wang Qian Sui Tan (Xin Nan),SINNAM,0.8616666666666667,108.99027777777778,"Jl. Raya Sagatani, Sinnam, RT 14/03 Kelurahan Sijangkung",,S77,,Selatan (South)
VIHARA AMBAWANA ARAMA,芒林寺(新喃),Mang Lin Si (Xin Nan),SINNAM,0.8608333333333333,108.99555555555555,"Jl. Raya Sagatani Gg. Tower, Sinnam, RT 13/03 Kelurahan Sijangkung",,S78,,Selatan (South)
CETIYA LIUNG SAN THAN,龍山壇(新喃),Long Shan Tan (Xin Nan),SINNAM,0.8647222222222222,108.995,"Jl. Raya Sagatani Gg. Tower, Sinnam, RT 13/03 Kelurahan Sijangkung",,S79,,Selatan (South)
VIHARA MAITREYA KARUNA,光浩堂(新喃),Guang Hao Tang (Xin Nan),SINNAM,0.8730555555555556,108.99138888888889,"Jl. Sagatani Gare, Sinnam, RT 12/03 Kelurahan Sijangkung",,S80,,Selatan (South)
VIHARA DHARMA BUDDHA CIKUNG,濟公活佛堂(新喃),Ji Gong Fa Fo Tang (Xin Nan),SINNAM,0.8727777777777778,108.99055555555556,"Jl. Sagatani Gare, Sinnam, RT 08/02 Kelurahan Sijangkung",8,S81,19,Selatan (South)
VIHARA FA CHIN KIUNG,華清宮(新喃),Hua Qing Gong (Xin Nan),SINNAM,0.8686111111111111,108.99638888888889,"Jl. Raya Sagatani Gg. Padi, RT 14/03 Kelurahan Sijangkung",,S82,,Selatan (South)
VIHARA VIMALA CHANDA ARAMA,凈愿寺(新喃),Jing Yuan Si (Xin Nan),SINNAM,0.8780555555555556,108.99083333333333,"Jl. Sagatani Gg. Anugerah No.1, Sinnam, RT 08/02 Kelurahan Sijangkung",43,S83,6,Selatan (South)
VIHARA TRIDHARMA BUMI RAYA,大伯公廟(新喃),Da Bo Gong Miao (Xin Nan),SINNAM,0.8763888888888889,108.99083333333333,"Jl. Sagatani Gare, Sinnam, RT 08/02 Kelurahan Sijangkung",,S84,,Selatan (South)
VIHARA SAM BONG MIAU / BONG JA,三王廟/王爺(新喃),San Wang Miao / Wang Ye (Xin Nan),SINNAM,0.8775000000000001,108.99194444444444,"Jl. Sagatani Gare, Sinnam, RT 11/03 Kelurahan Sijangkung",44,S85,6,Selatan (South)
CETIYA KIM KONG MIAU / SI THAI KIM KONG,金剛廟/四大金剛(新喃),Jin Gang Miao / Si Da Jin Gang (Xin Nan),SINNAM,0.8783333333333334,108.99055555555556,"Jl. Sagatani Gare, Sinnam, RT 08/02 Kelurahan Sijangkung",,S86,,Selatan (South)
CETIYA FUT MU KIUNG,佛母宮(文輝路),Fo Mu Gong (Wen Hui Lu),JALAN BUN FUI,0.8822222222222222,108.97888888888889,"Jl. Bunfui, RT 06/02 Kelurahan Sijangkung",28,S87,5,Selatan (South)
VIHARA CHIANG LIUNG MIAU,青龙庙(文輝路),Qing Long Miao (Wen Hui Lu),JALAN BUN FUI,0.9141666666666667,108.98527777777778,"Jl. Bunfui No.047, RT 06/02 Kelurahan Sijangkung",29,S88,6,Selatan (South)
VIHARA SAM CHIN MIAU,三清廟(文輝路),San Qing Miao (Wen Hui Lu),JALAN BUN FUI,0.8697222222222223,108.98111111111112,"Jl. Bunfui Gg. Sentosa, RT 06/02 Kelurahan Sijangkung",30,S89,7,Selatan (South)
CETIYA LAI KIM PAK KUNG,賴金伯公廟(文輝路),Lai Jin Bo Gong Miao (Wen Hui Lu),JALAN BUN FUI,0.8822222222222222,108.98138888888889,"Jl. Bunfui, RT 04/02 Kelurahan Sijangkung",,S90,,Selatan (South)
VIHARA FUK TET KIUNG / KAI SI PAK KUNG,福德宮(學老喃),Fu De Gong (Xue Lao Nan),JALAN BARU (HOKLONAM),0.8872222222222222,108.98861111111111,"Jl. Baru, Hoklonam, RT 03/01 Kelurahan Sijangkung",,S91,,Selatan (South)
VIHARA NG FU CIONG KIUN,五虎將軍壇(學老喃,Wu Hu Jiang Jun Tan (Xue Lao Nan),JALAN BARU (HOKLONAM),0.8880555555555555,108.99388888888889,"Jl. Baru Gg. Singkong, Hoklonam, RT 03/01 Kelurahan Sijangkung",,S92,,Selatan (South)
VIHARA CHIANG LIUNG CIN,青龍精廟(學老喃,Qing Long Jing Miao (Xue Lao Nan),JALAN BARU (HOKLONAM),0.8838888888888888,108.99666666666667,"Jl. Baru, Hoklonam, RT 02/01 Kelurahan Sijangkung",,S93,,Selatan (South)
CETIYA FA KONG THAI TI,華光大帝壇(馬呀梭吧),Hua Guang Da Di Tan (Ma Ya Suo Ba),MAYASOPA,0.8994444444444444,109.12444444444444,"Jl. Raya Seluang, RT 03/02 Kelurahan Mayasopa",,T1,,Timur (East)
CETIYA KIU THO NYIAN SAI,九道元帥壇(岜加沙哇),Jiu Dao Yuan Shuai Tan (Ba Jia Sha Wa),BAGAK SAHWA,0.8705555555555556,109.08694444444444,"Jl. Raya Bagak Sahwa, RT 03/01 Kelurahan Bagak Sahwa",,T2,,Timur (East)
CETIYA FA NGOK KIUNG,華嶽宮(岜加沙哇),Hua Yue Gong (Ba Jia Sha Wa),BAGAK SAHWA,0.8708333333333333,109.08611111111111,"Jl. Raya Bagak Sahwa, RT 03/01 Kelurahan Bagak Sahwa",,T3,,Timur (East)
VIHARA THI CU THAI PAK KUNG KUNG,地主大伯公公廟(岜加沙哇),Di Zhu Da Bo Gong Gong Miao (Ba Jia Sha Wa),BAGAK SAHWA,0.8702777777777778,109.08138888888888,"Jl. Raya Bagak Sahwa, RT 03/01 Kelurahan Bagak Sahwa",,T4,,Timur (East)
CETIYA CUNG NYI THONG,忠義堂(巴仁丹),Zhong Yi Tang (Ba Ren Dan),PAJINTAN,0.8813888888888889,109.03222222222222,"Jl. Raya Pajintan, RT 08/03 Kelurahan Pajintan",,T5,,Timur (East)
VIHARA KON JIM THONG,觀音堂(巴仁丹),Guan Yin Tang (Ba Ren Dan),PAJINTAN,0.8819444444444444,109.02916666666667,"Jl. Raya Pajintan, RT 07/03 Kelurahan Pajintan",52,T6,8,Timur (East)
VIHARA SUI TET KIUNG,水徳宮(福律),Shui De Gong (Fu Lu),KULOR,0.8825000000000001,109.02527777777777,"Jl. Pasar Kulor, RT 10/04 Kelurahan Pajintan",53,T7,5,Timur (East)
VIHARA FAB LIN KIUNG / FAB CHIN KUNG,法靈宮/法清公公(福律),Fa Ling Gong / Fa Qing Gong Gong ( Fu Lu),KULOR,0.8866666666666666,109.02472222222222,"Jl. Raya Kulor Gg. Pak Ikal, RT 14/04 Kelurahan Pajintan",,T8,,Timur (East)
VIHARA TRIDHARMA BUMI RAYA,大伯公宮(福律),Da Bo Gong Gong (Fu Lu),KULOR,0.8875,109.01805555555555,"Jl. Raya Kulor, RT 13/04 Kelurahan Pajintan",,T9,,Timur (East)
CETIYA NG KAU CU KUNG KIUNG,五教祖公宮(行尾),Wu Jiao Zu Gong Gong (Hang Wei),HANGMUI,0.8658333333333333,109.02055555555556,"Jl. Raya Sanggau Kulor Gg. Budi Daya 1, RT 19/06 Kelurahan Pajintan",,T10,,Timur (East)
VIHARA SAM BONG KIUNG,三王宮(行尾),San Wang Gong (Hang Wei),HANGMUI,0.8647222222222222,109.02583333333334,"Jl. Hangmui, RT 18/06 Kelurahan Pajintan",,T11,,Timur (East)
VIHARA FA KONG TI,華光帝宮(行尾),Hua Guang Di Gong (Hang Wei),HANGMUI,0.8686111111111111,109.02833333333334,"Jl. Fa Kong Ti, Hangmui, RT 20/06 Kelurahan Pajintan",,T12,,Timur (East)
VIHARA THIAN SHI KIUNG / SHI KUNG,天師宮/師公(行尾),Tian Shi Gong / Shi Gong (Hang Wei),HANGMUI,0.8605555555555555,109.03305555555555,"Jl. Fa Kong Ti, Hangmui, RT 20/06 Kelurahan Pajintan",,T13,,Timur (East)
CETIYA THIAN FAB NG THAI LIN CIONG,天法五大靈將壇(行尾),Tian Fa Wu Da Ling Jiang Tan (Hang Wei),HANGMUI,0.8755555555555555,109.02638888888889,"Jl. Raya Hangmui, RT 17/06 Kelurahan Pajintan",,T14,,Timur (East)
VIHARA THAI SHIN KIUNG,大聖宮(卢万山),Da Sheng Gong (Hang Wei),GUNUNG ROBAN,0.8877777777777778,109.01472222222222,"Jl. Robansan, RT 13/04 Kelurahan Pajintan",,T15,,Timur (East)
CETIYA SI THAI KIM KONG,四大金剛壇(新喃),Si Da Jin Gang Tan (Xin Nan),SINNAM-SANGGAU KULOR,0.8752777777777778,108.99361111111111,"Jl. Raya Sanggau Kulor Gg. Kuburan, RT 01/01 Kelurahan Sanggau Kulor",,T16,,Timur (East)
CETIYA THAI SONG LO KIUN/PHAK LIAN SHI KUNG,太上老君壇 / 白莲师公庙 (上候福律),Tai Shang Lao Jun Tan (Shang Hou Fu Lu),SANGGAU KULOR,0.875,108.99583333333334,"Jl. Raya Sanggau Kulor, RT 01/01 Kelurahan Sanggau Kulor",45,T17,6,Timur (East)
CETIYA THI CU PAK KUNG,地主大伯壇/(上候福律),Di Zhu Da Bo Gong Tan (Shang Hou Fu Lu),SANGGAU KULOR,0.8733333333333334,108.99444444444444,"Jl. Raya Sanggau Kulor Gg. Kuburan, RT 01/01 Kelurahan Sanggau Kulor",,T18,,Timur (East)
CETIYA THAI PAK KUNG,大伯公壇(上候福律),Da Bo Gong Tan (Shang Hou Fu Lu),SANGGAU KULOR,0.8713888888888889,108.99472222222222,"Jl. Raya Sanggau Kulor, RT 01/01 Kelurahan Sanggau Kulor",,T19,,Timur (East)
CETIYA THAI PAK KUNG KUNG,大伯公公壇(新路),Da Bo Gong Gong Tan (Xin Lu),JALAN BARU,0.8805555555555555,109.00111111111111,"Jl. Baru Gg. Karet, RT 03/01 Kelurahan Sanggau Kulor",,T20,,Timur (East)
VIHARA NAN MO FUT MU,南無佛母廟(十條港),Nan Mo Fo Mu Miao (Shi Tiao Gang),SEMELAGI KECIL,0.9916666666666666,108.99,"Jl. H. Bakar, RT 02/01 Kelurahan Semelagi Kecil",,U1,,Utara (North)
VIHARA SAM BU CIONG KIUN,三武將軍廟(八條港),San Wu Jiang Jun Miao (Ba Tiao Gang),SETAPUK KECIL,0.9697222222222223,109.02333333333333,"Jl. Hamid Matali, RT 02/01 Kellurahan Setapuk Kecil",,U2,,Utara (North)
VIHARA KON JIM - NACA - SAMPO KIUNG,觀音-哪吒-三宝宮(八條港),Guan Yin-Na Zha-San Bao Gong (Ba Tiao Gang),SETAPUK KECIL,0.9694444444444444,109.01583333333333,"Jl. Hamid Matali, RT 04/01 Kellurahan Setapuk Kecil",,U3,,Utara (North)
VIHARA THAI PAK KUNG KUNG,大伯公公廟(八條港),Da Bo Gong Gong Miao (Ba Tiao Gang),SETAPUK KECIL,0.9730555555555556,108.98944444444444,"Jl. Hamid Matali, RT 08/03 Kellurahan Setapuk Kecil",22,U4,7,Utara (North)
CETIYA THAI PAK KUNG,大伯公壇(七條港),Da Bo Gong Miao (Qi Tiao Gang),SETAPUK KECIL,0.9677777777777777,108.98666666666666,"Jl. Ratu Sepudak, RT 08/03 Kellurahan Setapuk Kecil",,U5,,Utara (North)
CETIYA TRIDHARMA BUMI RAYA,神農聖帝廟(六條港),Shen Nong Sheng Di Miao (Liu Tiao Gang),SEI. RASAU,0.9624999999999999,108.98722222222223,"Jl. Yunus Yakub, RT 02/01 Kelurahan Sei. Rasau",,U6,,Utara (North)
CETIYA NYI THAI CI,二太子廟(六條港),Er Tai Zi Miao (Liu Tiao Gang),SEI. RASAU,0.9622222222222222,108.98861111111111,"Jl. Yunus Yakub, RT 02/01 Kelurahan Sei. Rasau",,U7,,Utara (North)
VIHARA SHIN NUNG KIUNG,神農宮(五條港),Shen Nong Gong (Wu Tiao Gang),SEI. BULAN,0.9555555555555555,108.98861111111111,"Jl. Mesjid, RT 09/04 Kelurahan Sei. Bulan",,U8,,Utara (North)
VIHARA CHAU THAI NYIAN SAI,元帥堂(四條港),Yuan Shuai Tang (Si Tiao Gang),NARAM,0.9402777777777778,109.00472222222223,"Jl. Trisula No.40, RT 07/03 Kelurahan Naram",,U9,,Utara (North)
VIHARA TRIDHARMA BUMI RAYA,大伯公壇(四條港),Da Bo Gong Tan (Si Tiao Gang),NARAM,0.9436111111111112,109.00666666666666,"Jl. Sei. Nangka, RT 05/02 Kelurahan Naram",,U10,,Utara (North)
CETIYA SAM BONG KIUNG,三王宮(四條港),San Wang Gong (Si Tiao Gang),NARAM,0.9436111111111112,109.00444444444445,"Jl. Gunung Kaba' No.25, RT 04/02 Kelurahan Naram",,U11,,Utara (North)
CETIYA KIM CAU KUNG,金照宮(四條港),Jin Zhao Gong (Si Tiao Gang),NARAM,0.9458333333333333,109.00583333333333,"Jl. Sei. Nangka Gg. Jeruk, RT 04/02 Kelurahan Naram",,U12,,Utara (North)
CETIYA LIN FAB THONG,靈法堂(三條港),Ling Fa Tang (San Tiao Gang),SEI. GARAM HILIR,0.9400000000000001,108.9961111111111,"Jl. Semai, 05/04 Kelurahan Sei. Garam Hilir",,U13,,Utara (North)
VIHARA LIM BU CIONG KIUN,林武將軍廟(三條港),Lin Wu Jiang Jun Miao (San Tiao Gang),SEI. GARAM HILIR,0.9327777777777777,108.9825,"Jl. Ratu Sepudak Gg. Sepakat, RT 05/04 Kelurahan Sei. Garam Hilir",,U14,,Utara (North)
CETIYA TRIDHARMA PANCA SADDHA,大伯公壇(头條港),Da Bo Gong Tan (San Tiao Gang),SEI. GARAM HILIR,0.9311111111111111,108.97944444444444,"Jl. Terminal Induk Gg. Kesehatan, RT 09/04 Kelurahan Sei. Garam Hilir",21,U15,6,Utara (North)
